Breed,ARG_type,Total_Abundance
CVD,23S rRNA (adenine(2058)-N(6))-methyltransferase Erm(A),0
CVD,AAC(3)-IIc,0.07224503333333333
CVD,AAC(3)-IVa,0.015757733333333333
CVD,AAC(3)-VIIa,0
CVD,AAC(6')-IIa,0.14827153333333332
CVD,AAC(6')-Ia,0.001381
CVD,AAC(6')-Iaj,0
CVD,AAC(6')-Ib',0.022699633333333333
CVD,AAC(6')-Ib-cr3,6.494333333333333e-4
CVD,AAC(6')-Ib-cr6,3.104e-4
CVD,AAC(6')-Ib7,0.05257736666666667
CVD,AAC(6')-Ib8,0
CVD,AAC(6')-Ib9,0
CVD,AAC(6')-Ie-APH(2'')-Ia bifunctional protein,6.732666666666667e-4
CVD,AAC(6')-Ii,0
CVD,AAC(6')-Iid,0
CVD,AAC(6')-Il,5.825e-4
CVD,AAC(6')-Im,0.44588683333333334
CVD,AAC(6')-Iy,0
CVD,ACI-1,0.008934333333333332
CVD,ACT-56,0
CVD,ACT-77,0
CVD,ADC-43,0
CVD,ANT(2'')-Ia,0.16874026666666667
CVD,ANT(3'')-IIa,5.855146166666667
CVD,ANT(3'')-IIb,0
CVD,ANT(4')-Ia,0.006804166666666667
CVD,ANT(4')-Ib,0
CVD,ANT(6)-Ia,0.069436
CVD,ANT(6)-Ib,4.1021518666666665
CVD,ANT(9)-Ia,0.004142
CVD,ANT(9)-Ib,0
CVD,APH(2'')-IIIa,0
CVD,APH(2'')-IIa,0.0028882666666666668
CVD,APH(2'')-Ie,0.030146866666666668
CVD,APH(2'')-If,6.751496666666666
CVD,APH(2'')-Ig,2.5643333333333335e-4
CVD,APH(3'')-Ib,0.22221169999999998
CVD,APH(3')-IIIa,88.7942956
CVD,APH(3')-IIa,0.0073816
CVD,APH(3')-Ia,0.3393521333333333
CVD,APH(3')-Ib,0.0020644333333333332
CVD,APH(3')-VIIa,6.782333333333334e-4
CVD,APH(3')-VIa,0
CVD,APH(4)-Ia,0.0030031666666666666
CVD,APH(6)-Ic,0
CVD,APH(6)-Id,0.004693933333333333
CVD,Acinetobacter baumannii AbaQ,0
CVD,Acinetobacter baumannii AmvA,0
CVD,AcrE,0.006810033333333333
CVD,AcrS,0.0044717333333333335
CVD,ArnT,0.05312806666666667
CVD,BLMT,0.0107639
CVD,BRO-2,0
CVD,BRP(MBL),0
CVD,BcI,0
CVD,BcIII,0
CVD,Bifidobacterium adolescentis rpoB mutants conferring resistance to rifampicin,0.0016599333333333333
CVD,CARB-3,0
CVD,CARB-4,0
CVD,CARB-8,0
CVD,CARB-9,0
CVD,CDD-2,0
CVD,CMH-4,0
CVD,CMY-59,8.287333333333333e-4
CVD,CTX-M-55,0.0040903
CVD,CTX-M-65,0.0028778
CVD,Campylobacter coli chloramphenicol acetyltransferase,2.5668746000000002
CVD,Campylobacter jejuni gyrA conferring resistance to fluoroquinolones,0.0013955
CVD,CblA-1,0.0026771
CVD,CcrA,0
CVD,CfxA6,0
CVD,Clostridioides difficile gyrB conferring resistance to fluoroquinolones,0
CVD,Clostridium perfringens mprF,0
CVD,Corynebacterium striatum tetA,0
CVD,CrcB,0
CVD,DHA-1,0
CVD,DfrA37,5.308333333333334e-4
CVD,DfrB9,0
CVD,EBR-5,0
CVD,EC-14,0.041983599999999996
CVD,EC-15,0.011925666666666666
CVD,EreA,0
CVD,EreD,1.2619521666666667
CVD,Erm(34),0
CVD,Erm(35),2.8086777333333335
CVD,Erm(36),0
CVD,Erm(42),0.025885566666666665
CVD,Erm(48),0
CVD,Erm(49),0.009598233333333333
CVD,Erm(51),0
CVD,Erm(52),6.686651566666667
CVD,ErmA,0.17982733333333334
CVD,ErmB,6.0491702
CVD,ErmC,9.121333333333334e-4
CVD,ErmF,12.962351133333334
CVD,ErmG,0.21539113333333335
CVD,ErmQ,0.010869466666666668
CVD,ErmT,0.0023782
CVD,ErmX,0.2880431
CVD,ErmY,0
CVD,"Escherichia coli AcrAB-TolC with AcrR mutation conferring resistance to ciprofloxacin, tetracycline, and ceftazidime",0.0311511
CVD,Escherichia coli AcrAB-TolC with MarR mutations conferring resistance to ciprofloxacin and tetracycline,0.0742943
CVD,Escherichia coli EF-Tu mutants conferring resistance to Pulvomycin,0.0170633
CVD,Escherichia coli acrA,0.023985999999999997
CVD,Escherichia coli ampC beta-lactamase,0
CVD,Escherichia coli emrE,0.0791241
CVD,Escherichia coli mdfA,0.012022266666666667
CVD,Escherichia coli parE conferring resistance to fluoroquinolones,0
CVD,Escherichia coli soxR with mutation conferring antibiotic resistance,0
CVD,Escherichia coli soxS with mutation conferring antibiotic resistance,0.04834506666666667
CVD,EstT,10.5767321
CVD,FosA2,0
CVD,FosA3,0.005639533333333333
CVD,FosA7.5,0
CVD,FosA8,0
CVD,FosB3,0.1833856
CVD,FosBx1,0
CVD,FosD,0
CVD,FosG,0
CVD,FosI,0.2990912333333333
CVD,FosK,0
CVD,FosXCC,24.0580989
CVD,FusF,0
CVD,H-NS,0.034942766666666666
CVD,Haemophilus influenzae PBP3 conferring resistance to beta-lactam antibiotics,0.0284908
CVD,HelR,0
CVD,Helicobacter pylori rpoB mutation conferring resistance to rifampicin,0.006117066666666667
CVD,ICR-Mo,0
CVD,Klebsiella pneumoniae KpnE,0.0483407
CVD,Klebsiella pneumoniae KpnF,0.09196016666666666
CVD,Klebsiella pneumoniae KpnG,0
CVD,Klebsiella pneumoniae KpnH,0.014570133333333334
CVD,Klebsiella pneumoniae OmpK37,0
CVD,Limosilactobacillus reuteri cat-TC,0
CVD,LlmA 23S ribosomal RNA methyltransferase,0
CVD,LnuH,0
CVD,LnuP,0.06021973333333333
CVD,LptD,0
CVD,MCR-1.1,0
CVD,Mef(En2),7.096179033333334
CVD,Morganella morganii gyrB conferring resistance to fluoroquinolones,1.185e-4
CVD,Mrx,0.0024444000000000002
CVD,Mycobacterium tuberculosis folC with mutation conferring resistance to para-aminosalicylic acid,0
CVD,Mycobacterium tuberculosis intrinsic murA conferring resistance to fosfomycin,0
CVD,Mycobacterium tuberculosis rpsL mutations conferring resistance to Streptomycin,0
CVD,NDM-5,0
CVD,Neisseria gonorrhoeae gyrA conferring resistance to fluoroquinolones,0
CVD,OXA-1,0
CVD,OXA-10,0.035197933333333334
CVD,OXA-136,0
CVD,OXA-140,0
CVD,OXA-184,0.0035449
CVD,OXA-193,0.0035312666666666667
CVD,OXA-21,0
CVD,OXA-334,0
CVD,OXA-347,1.0013048666666666
CVD,OXA-58,0
CVD,OXA-820,0
CVD,OXA-912,0
CVD,OmpA,0
CVD,PC1 beta-lactamase (blaZ),0
CVD,PmrF,0.03562983333333333
CVD,QnrA3,0
CVD,QnrB6,0
CVD,QnrD1,0
CVD,QnrS1,0.057558366666666666
CVD,QnrVC5,3.583333333333333e-4
CVD,RCP-1,0
CVD,RanA,0
CVD,RanB,0
CVD,RbpA,0
CVD,Rhodobacter sphaeroides ampC beta-lactamase,0
CVD,SAT-2,0
CVD,SAT-4,22.6237124
CVD,SHV-11,0
CVD,Sed-1,0
CVD,Staphylococcus intermedius chloramphenicol acetyltransferase,0
CVD,Streptococcus suis chloramphenicol acetyltransferase,0.13238543333333333
CVD,Streptomyces rimosus otr(A),0.0025606
CVD,Streptomyces venezuelae rox,0
CVD,TEM-1,0.3977423333333333
CVD,TRU-1,0
CVD,TolC,0.005116366666666666
CVD,VEB-17,0.1001045
CVD,Vibrio anguillarum chloramphenicol acetyltransferase,1.2928390666666667
CVD,Vibrio cholerae varG,0
CVD,YojI,2.011e-4
CVD,aad(6),0.32285963333333334
CVD,aadA11,0
CVD,aadA15,0.0012181666666666667
CVD,aadA16,3.54e-4
CVD,aadA17,0
CVD,aadA2,0
CVD,aadA27,0
CVD,aadA5,0.0112704
CVD,aadA7,0
CVD,aadA9,0
CVD,aadK,0
CVD,aadS,0.4367046
CVD,abeS,0
CVD,acrB,0.0021028333333333333
CVD,acrD,8.374e-4
CVD,adeF,5.8171683
CVD,adeL,0
CVD,almE,1.7549999999999998e-4
CVD,almF,0.0038223
CVD,almG,0
CVD,aphA15,0
CVD,apmA,0.004489233333333334
CVD,armA,0
CVD,arr-2,0.0483641
CVD,arr-3,0.0014709666666666667
CVD,arr-8,0
CVD,bacA,0
CVD,baeR,0.021989633333333335
CVD,baeS,2.4263333333333334e-4
CVD,catA4,0
CVD,catA8,0.2435696
CVD,catB11,0
CVD,catB2,0
CVD,catB3,0
CVD,catB8,2.3853333333333332e-4
CVD,catII from Escherichia coli K-12,0.37275583333333334
CVD,catIII,0
CVD,catP,0.1832572
CVD,catQ,0.010134833333333334
CVD,catS,0.10938963333333333
CVD,cepA,0
CVD,cfr(D),1.6103333333333334e-4
CVD,cfrA,2.90104
CVD,cfrC,0
CVD,cfrE,5.056780833333334
CVD,clbC,0
CVD,clcD,5.07e-4
CVD,cmeR,9.566666666666666e-4
CVD,cmlA5,0.011362233333333334
CVD,cphA3,0
CVD,cpxA,0.031202933333333335
CVD,dfrA1,0
CVD,dfrA10,0
CVD,dfrA12,0.0016903333333333334
CVD,dfrA14,0.0355571
CVD,dfrA15,0
CVD,dfrA16,0
CVD,dfrA17,0
CVD,dfrA19,0
CVD,dfrA20,0
CVD,dfrA27,0
CVD,dfrA6 from Proteus mirabilis,0
CVD,dfrD,0
CVD,dfrE,0
CVD,dfrF,0.27736283333333334
CVD,dfrG,0.001161
CVD,dfrL,0
CVD,efmA,0
CVD,efrA,0
CVD,emrA,0.007627866666666667
CVD,emrK,0.022517933333333334
CVD,emrR,0.04844473333333334
CVD,emrY,5.019666666666666e-4
CVD,emtA,2.1386666666666667e-4
CVD,eptA,0.012627066666666666
CVD,eptB,0
CVD,erm(45),0
CVD,evgA,0.018058566666666668
CVD,evgS,0.0022869333333333333
CVD,fexA,7.226448933333334
CVD,fexB,0.09188113333333334
CVD,fosA5,0
CVD,fusC,0
CVD,fusD,0
CVD,gadX,0.013784133333333332
CVD,golS,0
CVD,kdpE,0.006818433333333334
CVD,leuO,0.0068486
CVD,linG,0.005139466666666666
CVD,lnuA,0.013353499999999999
CVD,lnuB,0.15981063333333334
CVD,lnuC,55.9354793
CVD,lnuD,0
CVD,lnuE,0
CVD,lnuF,0
CVD,lnuG,0
CVD,lsaE,0
CVD,marA,0.038862966666666665
CVD,mdeA,3.658e-4
CVD,mdtA,4.479333333333333e-4
CVD,mdtB,0.008039733333333333
CVD,mdtC,0
CVD,mdtE,0.0031229666666666668
CVD,mdtF,0.0055567
CVD,mdtG,0.007242566666666667
CVD,mdtH,0.004858233333333333
CVD,mdtM,0.0135713
CVD,mdtN,0.010919233333333334
CVD,mdtO,6.131666666666667e-4
CVD,mdtP,0.0023722333333333337
CVD,mecA,1.6986666666666666e-4
CVD,mecB,0
CVD,mecI,0
CVD,mecR1,0
CVD,mefF,0
CVD,mefH,5.299828
CVD,mphA,0
CVD,mphC,0
CVD,mphE,0
CVD,mphF,0
CVD,mphG,2.636e-4
CVD,mphK,0
CVD,mphO,0
CVD,msbA,0.0022436666666666664
CVD,msr(G),0
CVD,msr(I),0
CVD,msrA,0
CVD,nimA,7.1401086000000005
CVD,nimB,0.6906147666666667
CVD,nimC,0
CVD,nimD,0.06561413333333334
CVD,nimE,0.4784603666666667
CVD,nimF,0.6102545
CVD,nimG,2.5998126
CVD,nimH,0.0447988
CVD,nimI,0.4849599
CVD,nimJ,5.576518633333333
CVD,nimK,0.2835068666666667
CVD,norC,6.672333333333333e-4
CVD,npmA,15.678338766666666
CVD,oqxA,0.025175466666666667
CVD,patB,3.685e-4
CVD,poxtA,2.311486866666667
CVD,qacEdelta1,0.08574596666666667
CVD,qacG,0.32922623333333334
CVD,qacJ,6.560934333333333
CVD,qacL,0.0051686
CVD,ramA,0
CVD,rgt1438,0
CVD,rmtB,0.0141453
CVD,rsmA,0
CVD,salC,1.3643333333333333e-4
CVD,salD,0
CVD,salE,3.423666666666667e-4
CVD,sdiA,0
CVD,sdrM,0.0020327333333333333
CVD,sepA,6.612333333333334e-4
CVD,spd,0
CVD,sul1,0.017238466666666667
CVD,sul2,0.43406256666666665
CVD,sul3,0.0017492
CVD,sul4,0
CVD,tet(32),11.787089033333334
CVD,tet(33),5.353333333333333e-4
CVD,tet(36),2.1983333333333333e-4
CVD,tet(40),4.5345124666666665
CVD,tet(44),16.8802491
CVD,tet(45),3.2342144333333334
CVD,tet(59),0
CVD,tet(A),0.44616673333333334
CVD,tet(B),0.002006
CVD,tet(C),6.666666666666667e-8
CVD,tet(D),0
CVD,tet(K),0
CVD,tet(M),3.123860966666667
CVD,tet(O),14.454194433333333
CVD,tet(O/32/O),1.4515907333333333
CVD,tet(O/W/32/O),0.030635833333333334
CVD,tet(Q),106.2741703
CVD,tet(R),0
CVD,tet(S),0.0353893
CVD,tet(T),0
CVD,tet(W),99.51294063333333
CVD,tet(W/N/W),8.336334233333334
CVD,tet(X),0.6888161
CVD,tet(X1),0.0010309
CVD,tet(X3),0
CVD,tet(X5),0
CVD,tet(Z),0
CVD,tetB(P),0.07354383333333334
CVD,tmrB,0
CVD,ugd,0.002463766666666667
CVD,vanB,0.004969299999999999
CVD,vanC,0
CVD,vanE,0
CVD,vanF,0.0039756
CVD,vanG,10.556737233333333
CVD,vanHA,0.11217673333333333
CVD,vanHB,0.0918793
CVD,vanHD,0.16591426666666667
CVD,vanHF,0.46885376666666667
CVD,vanHM,0.0061727
CVD,vanHO,4.415874566666667
CVD,vanHP,0.006461633333333334
CVD,vanI,0
CVD,vanRB,0.0074520666666666666
CVD,vanRC,0
CVD,vanRG,0.012278333333333334
CVD,vanRI,0
CVD,vanSB,0.0024702333333333332
CVD,vanTC,0
CVD,vanTE,0.05332933333333333
CVD,vanTG,10.681974333333333
CVD,vanTN,0.007768433333333333
CVD,vanTmL,0.044089633333333336
CVD,vanTrL,0.018824833333333332
CVD,vanUG,0.1674742
CVD,vanWB,3.1638902333333334
CVD,vanWG,3.0054849666666668
CVD,vanWI,13.435065366666667
CVD,vanXA,0
CVD,vanXB,0.0109289
CVD,vanXF,0.08315716666666667
CVD,vanXI,0.0060923999999999996
CVD,vanXO,0
CVD,vanXP,0.0181183
CVD,vanXYC,0
CVD,vanXYE,0
CVD,vanXYG,8.491707466666666
CVD,vanXYN,0
CVD,vanYA,3.8740966
CVD,vanYB,28.080655266666668
CVD,vanYF,5.715145133333333
CVD,vanYG,14.374614733333333
CVD,vanYM,8.457545733333333
CVD,vatE,0
CVD,ykkC,0
CVD,ykkD,0
LAD,23S rRNA (adenine(2058)-N(6))-methyltransferase Erm(A),0.0017715897435897434
LAD,AAC(3)-IIc,0.021558769230769232
LAD,AAC(3)-IVa,0.01601125641025641
LAD,AAC(3)-VIIa,1.5333333333333334e-4
LAD,AAC(6')-IIa,0.03533976923076923
LAD,AAC(6')-Ia,6.247692307692307e-4
LAD,AAC(6')-Iaj,0
LAD,AAC(6')-Ib',0.015233692307692307
LAD,AAC(6')-Ib-cr3,2.88974358974359e-4
LAD,AAC(6')-Ib-cr6,0.006549692307692308
LAD,AAC(6')-Ib7,0.021307128205128204
LAD,AAC(6')-Ib8,0.004195
LAD,AAC(6')-Ib9,5.432564102564103e-4
LAD,AAC(6')-Ie-APH(2'')-Ia bifunctional protein,0.07252046153846155
LAD,AAC(6')-Ii,6.749487179487179e-4
LAD,AAC(6')-Iid,0
LAD,AAC(6')-Il,0
LAD,AAC(6')-Im,0.9298623846153846
LAD,AAC(6')-Iy,0
LAD,ACI-1,0.13075028205128206
LAD,ACT-56,8.892307692307693e-5
LAD,ACT-77,0
LAD,ADC-43,0
LAD,ANT(2'')-Ia,0.23973697435897437
LAD,ANT(3'')-IIa,1.4015010256410256
LAD,ANT(3'')-IIb,0.0036052307692307694
LAD,ANT(4')-Ia,0.007950205128205129
LAD,ANT(4')-Ib,0
LAD,ANT(6)-Ia,0.034479333333333334
LAD,ANT(6)-Ib,0.5383499743589744
LAD,ANT(9)-Ia,0.002778102564102564
LAD,ANT(9)-Ib,0
LAD,APH(2'')-IIIa,0
LAD,APH(2'')-IIa,0
LAD,APH(2'')-Ie,0.0029342820512820514
LAD,APH(2'')-If,4.0958948974358975
LAD,APH(2'')-Ig,0.002253974358974359
LAD,APH(3'')-Ib,0.6139363846153846
LAD,APH(3')-IIIa,39.14147805128205
LAD,APH(3')-IIa,0
LAD,APH(3')-Ia,0.11658764102564102
LAD,APH(3')-Ib,0.0010991794871794871
LAD,APH(3')-VIIa,4.332051282051282e-4
LAD,APH(3')-VIa,0.0023980256410256412
LAD,APH(4)-Ia,0.004262102564102564
LAD,APH(6)-Ic,5.942820512820513e-4
LAD,APH(6)-Id,0.034524846153846156
LAD,Acinetobacter baumannii AbaQ,0
LAD,Acinetobacter baumannii AmvA,0
LAD,AcrE,0.024962102564102563
LAD,AcrS,0.028846153846153844
LAD,ArnT,0.056636589743589746
LAD,BLMT,0
LAD,BRO-2,0
LAD,BRP(MBL),0.003083897435897436
LAD,BcI,0
LAD,BcIII,0
LAD,Bifidobacterium adolescentis rpoB mutants conferring resistance to rifampicin,0.04016574358974359
LAD,CARB-3,0.003069794871794872
LAD,CARB-4,1.5423076923076924e-4
LAD,CARB-8,0
LAD,CARB-9,0
LAD,CDD-2,0
LAD,CMH-4,0
LAD,CMY-59,0
LAD,CTX-M-55,0.011063538461538461
LAD,CTX-M-65,0
LAD,Campylobacter coli chloramphenicol acetyltransferase,0.6709755128205128
LAD,Campylobacter jejuni gyrA conferring resistance to fluoroquinolones,0.0018098205128205128
LAD,CblA-1,0
LAD,CcrA,0
LAD,CfxA6,0.12001915384615384
LAD,Clostridioides difficile gyrB conferring resistance to fluoroquinolones,1.7641025641025642e-4
LAD,Clostridium perfringens mprF,0.003254820512820513
LAD,Corynebacterium striatum tetA,0
LAD,CrcB,0
LAD,DHA-1,2.3071794871794873e-4
LAD,DfrA37,0.009200769230769231
LAD,DfrB9,0
LAD,EBR-5,0
LAD,EC-14,0.031525794871794875
LAD,EC-15,0.025809948717948717
LAD,EreA,0
LAD,EreD,0.8736788717948718
LAD,Erm(34),0
LAD,Erm(35),3.4549546153846156
LAD,Erm(36),0.0031186153846153846
LAD,Erm(42),0.0018608717948717947
LAD,Erm(48),3.766923076923077e-4
LAD,Erm(49),0.001007102564102564
LAD,Erm(51),0.0013492820512820513
LAD,Erm(52),0.2965535641025641
LAD,ErmA,0.5450292564102563
LAD,ErmB,2.067865512820513
LAD,ErmC,0.002557358974358974
LAD,ErmF,12.138417538461539
LAD,ErmG,0.1307846923076923
LAD,ErmQ,0.04866471794871795
LAD,ErmT,0.00746148717948718
LAD,ErmX,0.12525074358974359
LAD,ErmY,0
LAD,"Escherichia coli AcrAB-TolC with AcrR mutation conferring resistance to ciprofloxacin, tetracycline, and ceftazidime",0.03155769230769231
LAD,Escherichia coli AcrAB-TolC with MarR mutations conferring resistance to ciprofloxacin and tetracycline,0.06305835897435898
LAD,Escherichia coli EF-Tu mutants conferring resistance to Pulvomycin,0.022035820512820513
LAD,Escherichia coli acrA,0.01757169230769231
LAD,Escherichia coli ampC beta-lactamase,0.0021441794871794873
LAD,Escherichia coli emrE,0.05335920512820513
LAD,Escherichia coli mdfA,0.021410333333333333
LAD,Escherichia coli parE conferring resistance to fluoroquinolones,4.161282051282051e-4
LAD,Escherichia coli soxR with mutation conferring antibiotic resistance,7.958461538461538e-4
LAD,Escherichia coli soxS with mutation conferring antibiotic resistance,0.1254676923076923
LAD,EstT,4.408302717948718
LAD,FosA2,0
LAD,FosA3,0.008188666666666667
LAD,FosA7.5,0.0018457692307692307
LAD,FosA8,0.0036765897435897432
LAD,FosB3,0.5454321282051282
LAD,FosBx1,0.0022462564102564103
LAD,FosD,0
LAD,FosG,0
LAD,FosI,0.20980594871794872
LAD,FosK,0.0022532051282051282
LAD,FosXCC,3.529608282051282
LAD,FusF,0
LAD,H-NS,0.05804125641025641
LAD,Haemophilus influenzae PBP3 conferring resistance to beta-lactam antibiotics,0.03371902564102564
LAD,HelR,0
LAD,Helicobacter pylori rpoB mutation conferring resistance to rifampicin,0.011429384615384616
LAD,ICR-Mo,0
LAD,Klebsiella pneumoniae KpnE,0.07245284615384615
LAD,Klebsiella pneumoniae KpnF,0.08790923076923077
LAD,Klebsiella pneumoniae KpnG,0
LAD,Klebsiella pneumoniae KpnH,0.03013607692307692
LAD,Klebsiella pneumoniae OmpK37,0
LAD,Limosilactobacillus reuteri cat-TC,0
LAD,LlmA 23S ribosomal RNA methyltransferase,0
LAD,LnuH,0.01140548717948718
LAD,LnuP,0.02814397435897436
LAD,LptD,0
LAD,MCR-1.1,2.1682051282051284e-4
LAD,Mef(En2),15.518089564102564
LAD,Morganella morganii gyrB conferring resistance to fluoroquinolones,0
LAD,Mrx,0
LAD,Mycobacterium tuberculosis folC with mutation conferring resistance to para-aminosalicylic acid,9.631794871794872e-4
LAD,Mycobacterium tuberculosis intrinsic murA conferring resistance to fosfomycin,0
LAD,Mycobacterium tuberculosis rpsL mutations conferring resistance to Streptomycin,0
LAD,NDM-5,0
LAD,Neisseria gonorrhoeae gyrA conferring resistance to fluoroquinolones,0
LAD,OXA-1,0.005782153846153846
LAD,OXA-10,0.020715615384615384
LAD,OXA-136,0.48548494871794873
LAD,OXA-140,0.0019536666666666665
LAD,OXA-184,2.1384615384615385e-4
LAD,OXA-193,0
LAD,OXA-21,0.0014382307692307693
LAD,OXA-334,0
LAD,OXA-347,0.5628634102564103
LAD,OXA-58,0.0011975384615384617
LAD,OXA-820,0
LAD,OXA-912,0
LAD,OmpA,0
LAD,PC1 beta-lactamase (blaZ),6.034871794871794e-4
LAD,PmrF,0.021040358974358974
LAD,QnrA3,4.195384615384616e-4
LAD,QnrB6,0
LAD,QnrD1,2.3930769230769228e-4
LAD,QnrS1,0.054162
LAD,QnrVC5,0.003006615384615385
LAD,RCP-1,0
LAD,RanA,0
LAD,RanB,1.834871794871795e-4
LAD,RbpA,0
LAD,Rhodobacter sphaeroides ampC beta-lactamase,0.003546410256410256
LAD,SAT-2,0
LAD,SAT-4,9.49218258974359
LAD,SHV-11,0
LAD,Sed-1,0
LAD,Staphylococcus intermedius chloramphenicol acetyltransferase,0
LAD,Streptococcus suis chloramphenicol acetyltransferase,0.2035709487179487
LAD,Streptomyces rimosus otr(A),0.006856538461538462
LAD,Streptomyces venezuelae rox,0
LAD,TEM-1,0.09267164102564103
LAD,TRU-1,0
LAD,TolC,0.018224307692307692
LAD,VEB-17,0.03323030769230769
LAD,Vibrio anguillarum chloramphenicol acetyltransferase,0.40887766666666664
LAD,Vibrio cholerae varG,1.6492307692307694e-4
LAD,YojI,0.001446948717948718
LAD,aad(6),1.9333934615384616
LAD,aadA11,0.001168102564102564
LAD,aadA15,0.003904871794871795
LAD,aadA16,0.005686564102564103
LAD,aadA17,0
LAD,aadA2,0.006318948717948717
LAD,aadA27,0
LAD,aadA5,0.03244151282051282
LAD,aadA7,0.012545128205128205
LAD,aadA9,0.0026085128205128203
LAD,aadK,0
LAD,aadS,0.0029126666666666667
LAD,abeS,0
LAD,acrB,0.018625051282051282
LAD,acrD,0.01063697435897436
LAD,adeF,4.719961512820513
LAD,adeL,0
LAD,almE,4.554102564102564e-4
LAD,almF,0.0027533589743589746
LAD,almG,2.051794871794872e-4
LAD,aphA15,0
LAD,apmA,0
LAD,armA,0
LAD,arr-2,0.0562944358974359
LAD,arr-3,0.026533871794871794
LAD,arr-8,0
LAD,bacA,0
LAD,baeR,0.025001948717948717
LAD,baeS,9.242307692307692e-4
LAD,catA4,0
LAD,catA8,0.11851702564102565
LAD,catB11,0.0031365641025641027
LAD,catB2,0
LAD,catB3,0.01852020512820513
LAD,catB8,0
LAD,catII from Escherichia coli K-12,0.002379153846153846
LAD,catIII,0
LAD,catP,0.014952564102564103
LAD,catQ,0.0038973589743589747
LAD,catS,0.01629328205128205
LAD,cepA,0
LAD,cfr(D),1.3643589743589745e-4
LAD,cfrA,0.3820998461538462
LAD,cfrC,8.482820512820513e-4
LAD,cfrE,1.771250717948718
LAD,clbC,0
LAD,clcD,3.738205128205128e-4
LAD,cmeR,0.0011685384615384615
LAD,cmlA5,0.010661230769230768
LAD,cphA3,0
LAD,cpxA,0.027203897435897437
LAD,dfrA1,0.0060216666666666665
LAD,dfrA10,0
LAD,dfrA12,0.015208846153846154
LAD,dfrA14,0.02752069230769231
LAD,dfrA15,0.0023484358974358976
LAD,dfrA16,0.012521307692307693
LAD,dfrA17,0.023155846153846152
LAD,dfrA19,7.398974358974359e-4
LAD,dfrA20,0
LAD,dfrA27,0.00498425641025641
LAD,dfrA6 from Proteus mirabilis,0.0027388717948717946
LAD,dfrD,0
LAD,dfrE,0
LAD,dfrF,0.01961879487179487
LAD,dfrG,0.004153076923076923
LAD,dfrL,0
LAD,efmA,0
LAD,efrA,0
LAD,emrA,0.01775028205128205
LAD,emrK,0.010896128205128206
LAD,emrR,0.06569728205128204
LAD,emrY,0.00604
LAD,emtA,0
LAD,eptA,0.0214955641025641
LAD,eptB,0
LAD,erm(45),0
LAD,evgA,0.02259902564102564
LAD,evgS,0.012014948717948717
LAD,fexA,3.7273096923076925
LAD,fexB,0.00843023076923077
LAD,fosA5,0
LAD,fusC,2.2546153846153847e-4
LAD,fusD,3.0033333333333333e-4
LAD,gadX,0.04359810256410256
LAD,golS,0
LAD,kdpE,0.006717333333333333
LAD,leuO,0.007773717948717949
LAD,linG,0.002823769230769231
LAD,lnuA,0.03856912820512821
LAD,lnuB,0.15235510256410256
LAD,lnuC,43.476007
LAD,lnuD,0
LAD,lnuE,0.0013116153846153846
LAD,lnuF,0.005647974358974359
LAD,lnuG,0
LAD,lsaE,3.152051282051282e-4
LAD,marA,0.04317658974358975
LAD,mdeA,2.0253846153846152e-4
LAD,mdtA,0.008790410256410256
LAD,mdtB,0.005904871794871795
LAD,mdtC,0
LAD,mdtE,0.014088948717948718
LAD,mdtF,0.024932948717948718
LAD,mdtG,0.006840974358974359
LAD,mdtH,0.007696025641025641
LAD,mdtM,0.01466302564102564
LAD,mdtN,0.02755148717948718
LAD,mdtO,0.00900151282051282
LAD,mdtP,0.01012025641025641
LAD,mecA,1.5074358974358974e-4
LAD,mecB,0
LAD,mecI,0
LAD,mecR1,0
LAD,mefF,0
LAD,mefH,0.20226825641025642
LAD,mphA,0
LAD,mphC,0
LAD,mphE,0.0030543589743589742
LAD,mphF,0
LAD,mphG,0
LAD,mphK,0
LAD,mphO,8.160256410256409e-4
LAD,msbA,0.01326197435897436
LAD,msr(G),4.0505128205128204e-4
LAD,msr(I),0
LAD,msrA,0
LAD,nimA,14.704010666666667
LAD,nimB,1.467926794871795
LAD,nimC,0
LAD,nimD,0
LAD,nimE,0.2403771282051282
LAD,nimF,0.19805666666666666
LAD,nimG,1.0999525128205128
LAD,nimH,0.09637294871794871
LAD,nimI,0.161015
LAD,nimJ,3.484010487179487
LAD,nimK,0.15604451282051282
LAD,norC,4.109230769230769e-4
LAD,npmA,0.05145279487179487
LAD,oqxA,2.4025641025641025e-4
LAD,patB,0
LAD,poxtA,1.7016561538461539
LAD,qacEdelta1,0.3323957948717949
LAD,qacG,0.3084066923076923
LAD,qacJ,2.5993037179487177
LAD,qacL,0.013957820512820513
LAD,ramA,0
LAD,rgt1438,0
LAD,rmtB,0
LAD,rsmA,0
LAD,salC,0
LAD,salD,1.6584615384615384e-4
LAD,salE,2.4046153846153846e-4
LAD,sdiA,0
LAD,sdrM,0.003638923076923077
LAD,sepA,0.009446717948717948
LAD,spd,4.7310256410256407e-4
LAD,sul1,0.08061538461538462
LAD,sul2,0.19579617948717948
LAD,sul3,5.445128205128206e-4
LAD,sul4,0.0010422307692307693
LAD,tet(32),5.580756
LAD,tet(33),0.01676223076923077
LAD,tet(36),0.003221897435897436
LAD,tet(40),2.309086717948718
LAD,tet(44),4.052299410256411
LAD,tet(45),2.4282608717948717
LAD,tet(59),0.001007897435897436
LAD,tet(A),0.4935735128205128
LAD,tet(B),0.009442512820512821
LAD,tet(C),0.016280358974358974
LAD,tet(D),0
LAD,tet(K),0.0013982051282051282
LAD,tet(M),2.038580358974359
LAD,tet(O),7.338743461538462
LAD,tet(O/32/O),0.7106805897435897
LAD,tet(O/W/32/O),0.15091923076923078
LAD,tet(Q),142.4167492051282
LAD,tet(R),0.009092230769230769
LAD,tet(S),0.03055794871794872
LAD,tet(T),2.0507692307692308e-4
LAD,tet(W),64.56716302564102
LAD,tet(W/N/W),3.392901769230769
LAD,tet(X),2.142122666666667
LAD,tet(X1),0
LAD,tet(X3),9.411025641025641e-4
LAD,tet(X5),0.005610358974358975
LAD,tet(Z),0.016566538461538462
LAD,tetB(P),0.19016010256410257
LAD,tmrB,0
LAD,ugd,0.0036594102564102564
LAD,vanB,0
LAD,vanC,0
LAD,vanE,0
LAD,vanF,0.012253897435897436
LAD,vanG,6.001253615384615
LAD,vanHA,0.01873825641025641
LAD,vanHB,0.03316220512820513
LAD,vanHD,0.2196656923076923
LAD,vanHF,0.13014066666666665
LAD,vanHM,0.01032674358974359
LAD,vanHO,2.0368815384615386
LAD,vanHP,0.018404871794871797
LAD,vanI,0
LAD,vanRB,0
LAD,vanRC,2.997435897435898e-4
LAD,vanRG,0.0014737948717948718
LAD,vanRI,0
LAD,vanSB,0
LAD,vanTC,0.0019732820512820513
LAD,vanTE,0.026971076923076924
LAD,vanTG,5.029020384615385
LAD,vanTN,0.014400128205128206
LAD,vanTmL,0.0018882307692307692
LAD,vanTrL,0.011499897435897436
LAD,vanUG,0.095407
LAD,vanWB,2.325579
LAD,vanWG,1.4000003076923078
LAD,vanWI,6.1770402564102564
LAD,vanXA,0
LAD,vanXB,5.340512820512821e-4
LAD,vanXF,0.07496684615384616
LAD,vanXI,0.0010725128205128205
LAD,vanXO,0
LAD,vanXP,0.007646666666666667
LAD,vanXYC,0.0012028717948717948
LAD,vanXYE,0
LAD,vanXYG,4.377706615384615
LAD,vanXYN,0.010245589743589743
LAD,vanYA,3.2848987692307694
LAD,vanYB,21.769587871794872
LAD,vanYF,4.162244846153846
LAD,vanYG,8.577206230769232
LAD,vanYM,5.134850461538462
LAD,vatE,0
LAD,ykkC,0
LAD,ykkD,0
MAL,23S rRNA (adenine(2058)-N(6))-methyltransferase Erm(A),0
MAL,AAC(3)-IIc,0.0031754166666666667
MAL,AAC(3)-IVa,0.004916333333333333
MAL,AAC(3)-VIIa,0
MAL,AAC(6')-IIa,0.19785525
MAL,AAC(6')-Ia,0
MAL,AAC(6')-Iaj,0
MAL,AAC(6')-Ib',0.0024590833333333335
MAL,AAC(6')-Ib-cr3,0
MAL,AAC(6')-Ib-cr6,0
MAL,AAC(6')-Ib7,0
MAL,AAC(6')-Ib8,0
MAL,AAC(6')-Ib9,0
MAL,AAC(6')-Ie-APH(2'')-Ia bifunctional protein,0.015318166666666666
MAL,AAC(6')-Ii,0.023619416666666667
MAL,AAC(6')-Iid,0.00377275
MAL,AAC(6')-Il,0
MAL,AAC(6')-Im,0.007001
MAL,AAC(6')-Iy,0
MAL,ACI-1,0.0087055
MAL,ACT-56,0
MAL,ACT-77,0
MAL,ADC-43,0
MAL,ANT(2'')-Ia,0.0010335833333333334
MAL,ANT(3'')-IIa,0.06883416666666667
MAL,ANT(3'')-IIb,0
MAL,ANT(4')-Ia,0.0010623333333333333
MAL,ANT(4')-Ib,0
MAL,ANT(6)-Ia,9.29e-4
MAL,ANT(6)-Ib,0.6134286666666666
MAL,ANT(9)-Ia,0
MAL,ANT(9)-Ib,0
MAL,APH(2'')-IIIa,0
MAL,APH(2'')-IIa,0
MAL,APH(2'')-Ie,0
MAL,APH(2'')-If,0.34595183333333335
MAL,APH(2'')-Ig,0
MAL,APH(3'')-Ib,1.3330370833333334
MAL,APH(3')-IIIa,18.480328
MAL,APH(3')-IIa,0.41352875
MAL,APH(3')-Ia,0.10088008333333333
MAL,APH(3')-Ib,0
MAL,APH(3')-VIIa,0
MAL,APH(3')-VIa,0
MAL,APH(4)-Ia,0
MAL,APH(6)-Ic,0.493745
MAL,APH(6)-Id,0.38970675
MAL,Acinetobacter baumannii AbaQ,0
MAL,Acinetobacter baumannii AmvA,0
MAL,AcrE,0.0127875
MAL,AcrS,0.009128083333333334
MAL,ArnT,0.025434416666666668
MAL,BLMT,0.99487375
MAL,BRO-2,0
MAL,BRP(MBL),0
MAL,BcI,0
MAL,BcIII,0
MAL,Bifidobacterium adolescentis rpoB mutants conferring resistance to rifampicin,0.09643725
MAL,CARB-3,0
MAL,CARB-4,0
MAL,CARB-8,0
MAL,CARB-9,0
MAL,CDD-2,0
MAL,CMH-4,0
MAL,CMY-59,0
MAL,CTX-M-55,0.02736975
MAL,CTX-M-65,0
MAL,Campylobacter coli chloramphenicol acetyltransferase,0.5224720833333333
MAL,Campylobacter jejuni gyrA conferring resistance to fluoroquinolones,7.9e-4
MAL,CblA-1,0
MAL,CcrA,0
MAL,CfxA6,0.31252375
MAL,Clostridioides difficile gyrB conferring resistance to fluoroquinolones,0
MAL,Clostridium perfringens mprF,0
MAL,Corynebacterium striatum tetA,0
MAL,CrcB,0
MAL,DHA-1,0
MAL,DfrA37,0
MAL,DfrB9,0
MAL,EBR-5,0
MAL,EC-14,0.0065829999999999994
MAL,EC-15,0.009495083333333333
MAL,EreA,0
MAL,EreD,1.978363
MAL,Erm(34),0
MAL,Erm(35),6.4503255
MAL,Erm(36),0.0103995
MAL,Erm(42),0
MAL,Erm(48),0
MAL,Erm(49),0.016984416666666665
MAL,Erm(51),0.00410775
MAL,Erm(52),0.8951338333333333
MAL,ErmA,0.2784606666666667
MAL,ErmB,1.8060248333333333
MAL,ErmC,0
MAL,ErmF,16.51675975
MAL,ErmG,0.41978008333333333
MAL,ErmQ,0.06051375
MAL,ErmT,0.04825558333333333
MAL,ErmX,0.5228003333333333
MAL,ErmY,0
MAL,"Escherichia coli AcrAB-TolC with AcrR mutation conferring resistance to ciprofloxacin, tetracycline, and ceftazidime",0.014946583333333333
MAL,Escherichia coli AcrAB-TolC with MarR mutations conferring resistance to ciprofloxacin and tetracycline,0.029636
MAL,Escherichia coli EF-Tu mutants conferring resistance to Pulvomycin,0.006307416666666667
MAL,Escherichia coli acrA,0.007153583333333333
MAL,Escherichia coli ampC beta-lactamase,0.009308
MAL,Escherichia coli emrE,0.00635075
MAL,Escherichia coli mdfA,0.005766
MAL,Escherichia coli parE conferring resistance to fluoroquinolones,0
MAL,Escherichia coli soxR with mutation conferring antibiotic resistance,0
MAL,Escherichia coli soxS with mutation conferring antibiotic resistance,0.045908333333333336
MAL,EstT,5.398821916666667
MAL,FosA2,0
MAL,FosA3,0
MAL,FosA7.5,0
MAL,FosA8,0
MAL,FosB3,0.09426491666666667
MAL,FosBx1,0.0157595
MAL,FosD,0.00447875
MAL,FosG,0
MAL,FosI,0.10424375
MAL,FosK,0
MAL,FosXCC,2.200498666666667
MAL,FusF,0
MAL,H-NS,0.04373941666666667
MAL,Haemophilus influenzae PBP3 conferring resistance to beta-lactam antibiotics,0.030948666666666666
MAL,HelR,0
MAL,Helicobacter pylori rpoB mutation conferring resistance to rifampicin,0.0074975833333333335
MAL,ICR-Mo,0
MAL,Klebsiella pneumoniae KpnE,0.0054779166666666665
MAL,Klebsiella pneumoniae KpnF,0.07839758333333334
MAL,Klebsiella pneumoniae KpnG,0
MAL,Klebsiella pneumoniae KpnH,0.03874116666666667
MAL,Klebsiella pneumoniae OmpK37,0
MAL,Limosilactobacillus reuteri cat-TC,0
MAL,LlmA 23S ribosomal RNA methyltransferase,0
MAL,LnuH,0
MAL,LnuP,0.006746333333333333
MAL,LptD,0
MAL,MCR-1.1,0
MAL,Mef(En2),17.166954666666665
MAL,Morganella morganii gyrB conferring resistance to fluoroquinolones,0
MAL,Mrx,0
MAL,Mycobacterium tuberculosis folC with mutation conferring resistance to para-aminosalicylic acid,0
MAL,Mycobacterium tuberculosis intrinsic murA conferring resistance to fosfomycin,0
MAL,Mycobacterium tuberculosis rpsL mutations conferring resistance to Streptomycin,0
MAL,NDM-5,0
MAL,Neisseria gonorrhoeae gyrA conferring resistance to fluoroquinolones,0
MAL,OXA-1,0
MAL,OXA-10,0
MAL,OXA-136,0.38112833333333335
MAL,OXA-140,0
MAL,OXA-184,0
MAL,OXA-193,0
MAL,OXA-21,0
MAL,OXA-334,0
MAL,OXA-347,1.2027699166666668
MAL,OXA-58,0
MAL,OXA-820,0
MAL,OXA-912,0
MAL,OmpA,0
MAL,PC1 beta-lactamase (blaZ),0
MAL,PmrF,0.015030000000000002
MAL,QnrA3,0
MAL,QnrB6,0
MAL,QnrD1,0
MAL,QnrS1,0.005384916666666666
MAL,QnrVC5,0
MAL,RCP-1,0
MAL,RanA,0
MAL,RanB,0
MAL,RbpA,0
MAL,Rhodobacter sphaeroides ampC beta-lactamase,0.0010844166666666667
MAL,SAT-2,0
MAL,SAT-4,3.6492524166666667
MAL,SHV-11,0
MAL,Sed-1,0
MAL,Staphylococcus intermedius chloramphenicol acetyltransferase,0
MAL,Streptococcus suis chloramphenicol acetyltransferase,0.08011216666666666
MAL,Streptomyces rimosus otr(A),0.0047799999999999995
MAL,Streptomyces venezuelae rox,0
MAL,TEM-1,0.024195833333333333
MAL,TRU-1,0
MAL,TolC,0.00373325
MAL,VEB-17,0
MAL,Vibrio anguillarum chloramphenicol acetyltransferase,0.33128124999999997
MAL,Vibrio cholerae varG,0
MAL,YojI,0.002065916666666667
MAL,aad(6),0.3569503333333333
MAL,aadA11,0
MAL,aadA15,0
MAL,aadA16,0.008393250000000001
MAL,aadA17,0
MAL,aadA2,0.024777916666666667
MAL,aadA27,0
MAL,aadA5,0.06559875
MAL,aadA7,0
MAL,aadA9,0.0019288333333333334
MAL,aadK,0
MAL,aadS,0.16737791666666665
MAL,abeS,0
MAL,acrB,0.00442
MAL,acrD,0
MAL,adeF,5.339394
MAL,adeL,0
MAL,almE,0
MAL,almF,0
MAL,almG,0
MAL,aphA15,0
MAL,apmA,0
MAL,armA,7.871666666666666e-4
MAL,arr-2,0.0077181666666666674
MAL,arr-3,0.07826133333333334
MAL,arr-8,0
MAL,bacA,0
MAL,baeR,0.015862333333333336
MAL,baeS,0.0012065833333333334
MAL,catA4,0
MAL,catA8,0.4256560833333333
MAL,catB11,0
MAL,catB2,0
MAL,catB3,0
MAL,catB8,0
MAL,catII from Escherichia coli K-12,0
MAL,catIII,0
MAL,catP,0.028546250000000002
MAL,catQ,0.01116125
MAL,catS,0.03784333333333333
MAL,cepA,0
MAL,cfr(D),0
MAL,cfrA,1.3516705
MAL,cfrC,0
MAL,cfrE,1.4562265
MAL,clbC,0
MAL,clcD,0.0018209166666666666
MAL,cmeR,0
MAL,cmlA5,0
MAL,cphA3,0
MAL,cpxA,0.009123083333333334
MAL,dfrA1,0.0045965
MAL,dfrA10,0
MAL,dfrA12,0
MAL,dfrA14,0.00923625
MAL,dfrA15,0.0031434166666666663
MAL,dfrA16,0.0028887500000000003
MAL,dfrA17,0.04281683333333333
MAL,dfrA19,0
MAL,dfrA20,0
MAL,dfrA27,0.17438716666666668
MAL,dfrA6 from Proteus mirabilis,0
MAL,dfrD,0.0028735833333333335
MAL,dfrE,0
MAL,dfrF,0.002603583333333333
MAL,dfrG,0.005156666666666666
MAL,dfrL,0
MAL,efmA,0
MAL,efrA,0
MAL,emrA,0.0027625833333333335
MAL,emrK,0
MAL,emrR,0.03217075
MAL,emrY,0
MAL,emtA,0
MAL,eptA,0.0026954166666666667
MAL,eptB,0
MAL,erm(45),0.0036515
MAL,evgA,0.004782416666666667
MAL,evgS,0
MAL,fexA,9.168001916666666
MAL,fexB,0.03822325
MAL,fosA5,0
MAL,fusC,0
MAL,fusD,0
MAL,gadX,0.0021223333333333333
MAL,golS,0
MAL,kdpE,0.004465083333333333
MAL,leuO,0.007580583333333334
MAL,linG,0
MAL,lnuA,0.1479135
MAL,lnuB,0.04316966666666666
MAL,lnuC,52.93912641666667
MAL,lnuD,0
MAL,lnuE,0
MAL,lnuF,0
MAL,lnuG,0
MAL,lsaE,0
MAL,marA,0.058322
MAL,mdeA,0
MAL,mdtA,0.0037894166666666666
MAL,mdtB,3.579166666666667e-4
MAL,mdtC,0
MAL,mdtE,0.0029298333333333333
MAL,mdtF,0.005548083333333334
MAL,mdtG,0
MAL,mdtH,0.0023979166666666667
MAL,mdtM,0.006668166666666666
MAL,mdtN,0.0149975
MAL,mdtO,0.004847583333333333
MAL,mdtP,0.0064975833333333335
MAL,mecA,0
MAL,mecB,0
MAL,mecI,0
MAL,mecR1,0
MAL,mefF,0
MAL,mefH,0.23646258333333334
MAL,mphA,0
MAL,mphC,0.002091833333333333
MAL,mphE,8.304166666666667e-4
MAL,mphF,0
MAL,mphG,0
MAL,mphK,0
MAL,mphO,0.020221166666666665
MAL,msbA,0.0034698333333333334
MAL,msr(G),3.72e-4
MAL,msr(I),0
MAL,msrA,0.003455583333333333
MAL,nimA,4.353956083333333
MAL,nimB,0.14574308333333333
MAL,nimC,0
MAL,nimD,0
MAL,nimE,0.555152
MAL,nimF,0.39241491666666667
MAL,nimG,1.19219375
MAL,nimH,0.07061783333333334
MAL,nimI,0.3130788333333333
MAL,nimJ,2.765827333333333
MAL,nimK,0.21465216666666667
MAL,norC,0.0258235
MAL,npmA,0
MAL,oqxA,0
MAL,patB,0
MAL,poxtA,1.8284277500000001
MAL,qacEdelta1,0.2573280833333333
MAL,qacG,0.24452816666666666
MAL,qacJ,2.3331646666666663
MAL,qacL,0.007930666666666667
MAL,ramA,0
MAL,rgt1438,0
MAL,rmtB,0
MAL,rsmA,0
MAL,salC,0.005450333333333333
MAL,salD,0.009999
MAL,salE,0.0041055
MAL,sdiA,0
MAL,sdrM,0.023165583333333333
MAL,sepA,0.12075041666666667
MAL,spd,0
MAL,sul1,0.080451
MAL,sul2,0.5565669166666667
MAL,sul3,0
MAL,sul4,0
MAL,tet(32),7.783864583333333
MAL,tet(33),0.0016821666666666667
MAL,tet(36),0
MAL,tet(40),4.824181583333333
MAL,tet(44),4.047830666666667
MAL,tet(45),7.406340583333333
MAL,tet(59),0
MAL,tet(A),1.20779875
MAL,tet(B),0.0314925
MAL,tet(C),0.005782666666666666
MAL,tet(D),0
MAL,tet(K),0.08922291666666667
MAL,tet(M),9.570489083333333
MAL,tet(O),20.361336333333334
MAL,tet(O/32/O),1.8308419166666667
MAL,tet(O/W/32/O),0.43767683333333335
MAL,tet(Q),268.5346158333333
MAL,tet(R),0.054351333333333335
MAL,tet(S),0.11285324999999999
MAL,tet(T),0
MAL,tet(W),87.00423808333333
MAL,tet(W/N/W),6.197874166666667
MAL,tet(X),3.1270263333333332
MAL,tet(X1),0
MAL,tet(X3),0
MAL,tet(X5),0
MAL,tet(Z),0.0051726666666666666
MAL,tetB(P),0.7509865833333333
MAL,tmrB,0
MAL,ugd,0
MAL,vanB,0
MAL,vanC,0
MAL,vanE,0
MAL,vanF,0.0036295833333333336
MAL,vanG,5.091063
MAL,vanHA,0
MAL,vanHB,0.018435416666666666
MAL,vanHD,0.63428525
MAL,vanHF,0.48371825
MAL,vanHM,0.004005
MAL,vanHO,3.6839595833333334
MAL,vanHP,0.016960833333333335
MAL,vanI,0
MAL,vanRB,0
MAL,vanRC,0
MAL,vanRG,0
MAL,vanRI,0
MAL,vanSB,0
MAL,vanTC,0.006397
MAL,vanTE,0.02028725
MAL,vanTG,5.780593916666667
MAL,vanTN,0.08357158333333332
MAL,vanTmL,0.03417933333333333
MAL,vanTrL,0.04101683333333333
MAL,vanUG,0.01155975
MAL,vanWB,2.467606083333333
MAL,vanWG,1.647877
MAL,vanWI,6.3795071666666665
MAL,vanXA,0
MAL,vanXB,0
MAL,vanXF,0.024867416666666666
MAL,vanXI,0.0017703333333333332
MAL,vanXO,0
MAL,vanXP,0.005173166666666667
MAL,vanXYC,0
MAL,vanXYE,0
MAL,vanXYG,4.733499416666667
MAL,vanXYN,0.0033068333333333335
MAL,vanYA,3.7065019166666664
MAL,vanYB,19.738738666666666
MAL,vanYF,4.443518583333334
MAL,vanYG,6.611997583333333
MAL,vanYM,6.2551076666666665
MAL,vatE,0
MAL,ykkC,0
MAL,ykkD,0
MSD,23S rRNA (adenine(2058)-N(6))-methyltransferase Erm(A),0
MSD,AAC(3)-IIc,0.013182272727272727
MSD,AAC(3)-IVa,0.005444727272727273
MSD,AAC(3)-VIIa,0
MSD,AAC(6')-IIa,0.0016513181818181817
MSD,AAC(6')-Ia,9.170454545454545e-4
MSD,AAC(6')-Iaj,0
MSD,AAC(6')-Ib',0.0030170909090909094
MSD,AAC(6')-Ib-cr3,0
MSD,AAC(6')-Ib-cr6,0.0023221818181818183
MSD,AAC(6')-Ib7,0.004079772727272727
MSD,AAC(6')-Ib8,0
MSD,AAC(6')-Ib9,0
MSD,AAC(6')-Ie-APH(2'')-Ia bifunctional protein,1.7735788181818182
MSD,AAC(6')-Ii,0
MSD,AAC(6')-Iid,0
MSD,AAC(6')-Il,0.0017837272727272728
MSD,AAC(6')-Im,0.9160118181818182
MSD,AAC(6')-Iy,0
MSD,ACI-1,0
MSD,ACT-56,0
MSD,ACT-77,0
MSD,ADC-43,0
MSD,ANT(2'')-Ia,0.2568917727272727
MSD,ANT(3'')-IIa,2.468815409090909
MSD,ANT(3'')-IIb,0
MSD,ANT(4')-Ia,4.4449999999999996e-4
MSD,ANT(4')-Ib,0
MSD,ANT(6)-Ia,0.40103099999999997
MSD,ANT(6)-Ib,3.3612271363636363
MSD,ANT(9)-Ia,0
MSD,ANT(9)-Ib,0
MSD,APH(2'')-IIIa,0
MSD,APH(2'')-IIa,0.0028006818181818185
MSD,APH(2'')-Ie,4.3386363636363636e-4
MSD,APH(2'')-If,3.6712272272727273
MSD,APH(2'')-Ig,0.021021454545454545
MSD,APH(3'')-Ib,1.0339357272727272
MSD,APH(3')-IIIa,86.77840295454546
MSD,APH(3')-IIa,0
MSD,APH(3')-Ia,0.0896604090909091
MSD,APH(3')-Ib,0
MSD,APH(3')-VIIa,0.20706104545454546
MSD,APH(3')-VIa,5.596818181818181e-4
MSD,APH(4)-Ia,0
MSD,APH(6)-Ic,0
MSD,APH(6)-Id,0.07535981818181818
MSD,Acinetobacter baumannii AbaQ,0
MSD,Acinetobacter baumannii AmvA,0
MSD,AcrE,0.01176890909090909
MSD,AcrS,6.643181818181818e-4
MSD,ArnT,0.020609272727272726
MSD,BLMT,0
MSD,BRO-2,0
MSD,BRP(MBL),0
MSD,BcI,0
MSD,BcIII,0
MSD,Bifidobacterium adolescentis rpoB mutants conferring resistance to rifampicin,0.01554190909090909
MSD,CARB-3,2.87e-4
MSD,CARB-4,0
MSD,CARB-8,0
MSD,CARB-9,0
MSD,CDD-2,0
MSD,CMH-4,0
MSD,CMY-59,0
MSD,CTX-M-55,0.0020017272727272726
MSD,CTX-M-65,0
MSD,Campylobacter coli chloramphenicol acetyltransferase,3.5368081363636366
MSD,Campylobacter jejuni gyrA conferring resistance to fluoroquinolones,7.393181818181818e-4
MSD,CblA-1,0.0046415
MSD,CcrA,0.2586196818181818
MSD,CfxA6,0
MSD,Clostridioides difficile gyrB conferring resistance to fluoroquinolones,0
MSD,Clostridium perfringens mprF,0
MSD,Corynebacterium striatum tetA,0
MSD,CrcB,0
MSD,DHA-1,0
MSD,DfrA37,0
MSD,DfrB9,0
MSD,EBR-5,0
MSD,EC-14,0.025956727272727274
MSD,EC-15,0.008812863636363636
MSD,EreA,0
MSD,EreD,2.4189451818181817
MSD,Erm(34),0
MSD,Erm(35),4.477231318181818
MSD,Erm(36),0.0012170454545454546
MSD,Erm(42),0
MSD,Erm(48),0
MSD,Erm(49),0.025775272727272727
MSD,Erm(51),0.0010236363636363637
MSD,Erm(52),7.089773363636364
MSD,ErmA,1.9057825454545454
MSD,ErmB,12.801123
MSD,ErmC,0
MSD,ErmF,6.579742318181818
MSD,ErmG,1.4546817727272727
MSD,ErmQ,0.01579431818181818
MSD,ErmT,0.11108618181818182
MSD,ErmX,0.4371223181818182
MSD,ErmY,0
MSD,"Escherichia coli AcrAB-TolC with AcrR mutation conferring resistance to ciprofloxacin, tetracycline, and ceftazidime",0.005688772727272727
MSD,Escherichia coli AcrAB-TolC with MarR mutations conferring resistance to ciprofloxacin and tetracycline,0.018368
MSD,Escherichia coli EF-Tu mutants conferring resistance to Pulvomycin,0.03299654545454545
MSD,Escherichia coli acrA,0.012185681818181818
MSD,Escherichia coli ampC beta-lactamase,4.33e-4
MSD,Escherichia coli emrE,0.013121272727272726
MSD,Escherichia coli mdfA,0.001965
MSD,Escherichia coli parE conferring resistance to fluoroquinolones,0
MSD,Escherichia coli soxR with mutation conferring antibiotic resistance,0
MSD,Escherichia coli soxS with mutation conferring antibiotic resistance,0.020756772727272728
MSD,EstT,15.283627863636363
MSD,FosA2,0
MSD,FosA3,0.006555409090909091
MSD,FosA7.5,0
MSD,FosA8,0
MSD,FosB3,0.0035086363636363635
MSD,FosBx1,0.006487590909090909
MSD,FosD,0
MSD,FosG,0
MSD,FosI,0.06995204545454546
MSD,FosK,0
MSD,FosXCC,18.839206272727274
MSD,FusF,0
MSD,H-NS,0.015502727272727272
MSD,Haemophilus influenzae PBP3 conferring resistance to beta-lactam antibiotics,0.025684
MSD,HelR,0
MSD,Helicobacter pylori rpoB mutation conferring resistance to rifampicin,0.007593318181818182
MSD,ICR-Mo,0
MSD,Klebsiella pneumoniae KpnE,0.012813454545454546
MSD,Klebsiella pneumoniae KpnF,0.0248695
MSD,Klebsiella pneumoniae KpnG,0
MSD,Klebsiella pneumoniae KpnH,0.017835954545454544
MSD,Klebsiella pneumoniae OmpK37,0
MSD,Limosilactobacillus reuteri cat-TC,0
MSD,LlmA 23S ribosomal RNA methyltransferase,0
MSD,LnuH,0
MSD,LnuP,0.04202122727272727
MSD,LptD,0
MSD,MCR-1.1,8.737272727272727e-4
MSD,Mef(En2),10.376495772727273
MSD,Morganella morganii gyrB conferring resistance to fluoroquinolones,0
MSD,Mrx,0.0013119545454545454
MSD,Mycobacterium tuberculosis folC with mutation conferring resistance to para-aminosalicylic acid,4.323636363636363e-4
MSD,Mycobacterium tuberculosis intrinsic murA conferring resistance to fosfomycin,0
MSD,Mycobacterium tuberculosis rpsL mutations conferring resistance to Streptomycin,0.0014882272727272728
MSD,NDM-5,0
MSD,Neisseria gonorrhoeae gyrA conferring resistance to fluoroquinolones,0
MSD,OXA-1,0
MSD,OXA-10,0.004713681818181818
MSD,OXA-136,0.008467681818181819
MSD,OXA-140,0
MSD,OXA-184,0
MSD,OXA-193,0.014412
MSD,OXA-21,0
MSD,OXA-334,0
MSD,OXA-347,1.1787681363636364
MSD,OXA-58,0
MSD,OXA-820,0
MSD,OXA-912,0
MSD,OmpA,0
MSD,PC1 beta-lactamase (blaZ),8.547727272727272e-4
MSD,PmrF,0.014323227272727272
MSD,QnrA3,0.0021114545454545453
MSD,QnrB6,0
MSD,QnrD1,0
MSD,QnrS1,0.037586545454545456
MSD,QnrVC5,0.012038409090909091
MSD,RCP-1,0
MSD,RanA,0
MSD,RanB,0
MSD,RbpA,0
MSD,Rhodobacter sphaeroides ampC beta-lactamase,0
MSD,SAT-2,0.0048576363636363635
MSD,SAT-4,31.166618954545456
MSD,SHV-11,0
MSD,Sed-1,0
MSD,Staphylococcus intermedius chloramphenicol acetyltransferase,0
MSD,Streptococcus suis chloramphenicol acetyltransferase,0.5535157272727272
MSD,Streptomyces rimosus otr(A),9.219090909090909e-4
MSD,Streptomyces venezuelae rox,0
MSD,TEM-1,0.020382
MSD,TRU-1,0
MSD,TolC,0
MSD,VEB-17,0
MSD,Vibrio anguillarum chloramphenicol acetyltransferase,6.571777727272727
MSD,Vibrio cholerae varG,0
MSD,YojI,0.0024580454545454545
MSD,aad(6),2.3650285
MSD,aadA11,0
MSD,aadA15,0
MSD,aadA16,0.0021868181818181817
MSD,aadA17,0
MSD,aadA2,4.7899999999999993e-4
MSD,aadA27,0
MSD,aadA5,0.008263000000000001
MSD,aadA7,0
MSD,aadA9,0.0026206818181818184
MSD,aadK,0
MSD,aadS,4.446434363636364
MSD,abeS,0
MSD,acrB,0.0016702272727272727
MSD,acrD,8.273181818181818e-4
MSD,adeF,7.369079
MSD,adeL,0
MSD,almE,6.621818181818182e-4
MSD,almF,0
MSD,almG,0
MSD,aphA15,0
MSD,apmA,0
MSD,armA,0
MSD,arr-2,0.01556240909090909
MSD,arr-3,0.003130045454545455
MSD,arr-8,0
MSD,bacA,0
MSD,baeR,0.021307227272727273
MSD,baeS,3.161818181818182e-4
MSD,catA4,0
MSD,catA8,0.02052177272727273
MSD,catB11,0
MSD,catB2,0
MSD,catB3,0
MSD,catB8,0.0022731818181818183
MSD,catII from Escherichia coli K-12,0.009015636363636363
MSD,catIII,0.014379227272727273
MSD,catP,0.5268291818181818
MSD,catQ,0.004677681818181818
MSD,catS,0.08994304545454546
MSD,cepA,0
MSD,cfr(D),0
MSD,cfrA,0.30023913636363636
MSD,cfrC,0.0031899545454545453
MSD,cfrE,10.513634227272727
MSD,clbC,0
MSD,clcD,0.06166709090909091
MSD,cmeR,0
MSD,cmlA5,0.010256454545454546
MSD,cphA3,0
MSD,cpxA,0.0028289545454545455
MSD,dfrA1,0
MSD,dfrA10,0
MSD,dfrA12,0.003843090909090909
MSD,dfrA14,0.008497818181818183
MSD,dfrA15,0
MSD,dfrA16,0
MSD,dfrA17,0
MSD,dfrA19,0
MSD,dfrA20,0
MSD,dfrA27,0
MSD,dfrA6 from Proteus mirabilis,0
MSD,dfrD,0
MSD,dfrE,0
MSD,dfrF,0.4690520909090909
MSD,dfrG,0.0019110000000000002
MSD,dfrL,0
MSD,efmA,0
MSD,efrA,0
MSD,emrA,0.005561909090909091
MSD,emrK,0.0014231363636363634
MSD,emrR,0.035775045454545455
MSD,emrY,0
MSD,emtA,0
MSD,eptA,0.0018562272727272726
MSD,eptB,0
MSD,erm(45),0
MSD,evgA,0.0035083636363636363
MSD,evgS,0
MSD,fexA,3.6435792727272727
MSD,fexB,0.12383745454545456
MSD,fosA5,0
MSD,fusC,0
MSD,fusD,0
MSD,gadX,0.007734772727272727
MSD,golS,0
MSD,kdpE,0.0016297272727272725
MSD,leuO,4.446363636363637e-4
MSD,linG,0
MSD,lnuA,0.006931545454545454
MSD,lnuB,0.37373945454545454
MSD,lnuC,62.87759718181818
MSD,lnuD,0
MSD,lnuE,0
MSD,lnuF,0
MSD,lnuG,0
MSD,lsaE,0.0020036363636363637
MSD,marA,0.0010249090909090909
MSD,mdeA,0
MSD,mdtA,0
MSD,mdtB,0.0011933636363636363
MSD,mdtC,0
MSD,mdtE,0
MSD,mdtF,0.0016128181818181818
MSD,mdtG,0
MSD,mdtH,0.006205454545454545
MSD,mdtM,0.009213863636363636
MSD,mdtN,0.001857409090909091
MSD,mdtO,0.0021440454545454545
MSD,mdtP,0
MSD,mecA,0
MSD,mecB,0
MSD,mecI,0.0010952272727272727
MSD,mecR1,0
MSD,mefF,0
MSD,mefH,4.487579090909091
MSD,mphA,0.007624818181818181
MSD,mphC,0
MSD,mphE,0
MSD,mphF,0
MSD,mphG,0
MSD,mphK,0
MSD,mphO,0
MSD,msbA,0
MSD,msr(G),0
MSD,msr(I),0
MSD,msrA,0
MSD,nimA,7.861022545454546
MSD,nimB,5.032792636363636
MSD,nimC,0
MSD,nimD,0.04975168181818182
MSD,nimE,0.9090220909090909
MSD,nimF,0.4107702272727273
MSD,nimG,3.5094177272727274
MSD,nimH,0.004352
MSD,nimI,0.6203930454545454
MSD,nimJ,10.700379954545454
MSD,nimK,1.3816832727272728
MSD,norC,8.083636363636364e-4
MSD,npmA,1.1330957272727273
MSD,oqxA,0
MSD,patB,5.904545454545455e-4
MSD,poxtA,4.096349136363636
MSD,qacEdelta1,0.20269777272727274
MSD,qacG,2.629369590909091
MSD,qacJ,1.9953246818181818
MSD,qacL,0
MSD,ramA,0
MSD,rgt1438,0
MSD,rmtB,0
MSD,rsmA,0
MSD,salC,4.667272727272727e-4
MSD,salD,0
MSD,salE,5.435e-4
MSD,sdiA,0
MSD,sdrM,9.229545454545455e-4
MSD,sepA,7.455909090909092e-4
MSD,spd,0
MSD,sul1,0.12023159090909091
MSD,sul2,1.2582382272727273
MSD,sul3,0
MSD,sul4,0
MSD,tet(32),21.273019772727274
MSD,tet(33),0.005008181818181818
MSD,tet(36),0.03732813636363636
MSD,tet(40),8.828254636363637
MSD,tet(44),22.65111940909091
MSD,tet(45),3.399981590909091
MSD,tet(59),0
MSD,tet(A),1.0407553636363636
MSD,tet(B),0.0014879545454545456
MSD,tet(C),0
MSD,tet(D),0
MSD,tet(K),0
MSD,tet(M),2.5417045454545453
MSD,tet(O),46.84321590909091
MSD,tet(O/32/O),2.838749318181818
MSD,tet(O/W/32/O),1.8970433636363637
MSD,tet(Q),156.67411968181818
MSD,tet(R),0
MSD,tet(S),0.04196531818181818
MSD,tet(T),0
MSD,tet(W),216.19654163636363
MSD,tet(W/N/W),24.877518454545456
MSD,tet(X),1.1751668636363637
MSD,tet(X1),0.039338090909090906
MSD,tet(X3),0
MSD,tet(X5),0
MSD,tet(Z),0.001949
MSD,tetB(P),0.47394213636363636
MSD,tmrB,0
MSD,ugd,0.002388318181818182
MSD,vanB,0.0045615000000000005
MSD,vanC,0
MSD,vanE,0
MSD,vanF,0.002606818181818182
MSD,vanG,20.156900545454544
MSD,vanHA,0.020496181818181816
MSD,vanHB,0.35435845454545456
MSD,vanHD,0.3081316363636364
MSD,vanHF,0.9930537272727272
MSD,vanHM,0.11586404545454546
MSD,vanHO,11.340155863636364
MSD,vanHP,0.007681954545454546
MSD,vanI,0
MSD,vanRB,0.004341363636363636
MSD,vanRC,0
MSD,vanRG,0.09311218181818182
MSD,vanRI,0
MSD,vanSB,6.349090909090909e-4
MSD,vanTC,0
MSD,vanTE,0.8888540454545455
MSD,vanTG,17.881203181818183
MSD,vanTN,0
MSD,vanTmL,0.012051272727272726
MSD,vanTrL,0.15756822727272726
MSD,vanUG,0.6602399999999999
MSD,vanWB,4.216679409090909
MSD,vanWG,3.278180681818182
MSD,vanWI,23.29262109090909
MSD,vanXA,0
MSD,vanXB,0.04023195454545454
MSD,vanXF,0.04151459090909091
MSD,vanXI,0.15558145454545455
MSD,vanXO,0.1841555909090909
MSD,vanXP,0.16714968181818182
MSD,vanXYC,0
MSD,vanXYE,0
MSD,vanXYG,14.481902681818182
MSD,vanXYN,0
MSD,vanYA,5.8499465
MSD,vanYB,49.027429818181815
MSD,vanYF,6.583486090909091
MSD,vanYG,20.82556418181818
MSD,vanYM,6.3654127727272725
MSD,vatE,0.007054045454545454
MSD,ykkC,0
MSD,ykkD,0
PKD,23S rRNA (adenine(2058)-N(6))-methyltransferase Erm(A),0
PKD,AAC(3)-IIc,0.14993622727272726
PKD,AAC(3)-IVa,0.7538437727272727
PKD,AAC(3)-VIIa,0
PKD,AAC(6')-IIa,7.643636363636364e-4
PKD,AAC(6')-Ia,0.13553627272727273
PKD,AAC(6')-Iaj,0
PKD,AAC(6')-Ib',0.12707713636363638
PKD,AAC(6')-Ib-cr3,0.0011829090909090908
PKD,AAC(6')-Ib-cr6,0.09635313636363636
PKD,AAC(6')-Ib7,1.0477113636363635
PKD,AAC(6')-Ib8,0
PKD,AAC(6')-Ib9,0.06257477272727273
PKD,AAC(6')-Ie-APH(2'')-Ia bifunctional protein,0.3400675
PKD,AAC(6')-Ii,0
PKD,AAC(6')-Iid,0
PKD,AAC(6')-Il,0
PKD,AAC(6')-Im,0.01586068181818182
PKD,AAC(6')-Iy,0
PKD,ACI-1,0.007113954545454546
PKD,ACT-56,0.007052727272727272
PKD,ACT-77,0
PKD,ADC-43,0
PKD,ANT(2'')-Ia,0.09951845454545455
PKD,ANT(3'')-IIa,0.5591648636363636
PKD,ANT(3'')-IIb,0
PKD,ANT(4')-Ia,5.6475800909090905
PKD,ANT(4')-Ib,0
PKD,ANT(6)-Ia,0.7141745454545454
PKD,ANT(6)-Ib,0.31401118181818183
PKD,ANT(9)-Ia,0.46530472727272726
PKD,ANT(9)-Ib,0.1876530909090909
PKD,APH(2'')-IIIa,0
PKD,APH(2'')-IIa,0
PKD,APH(2'')-Ie,0
PKD,APH(2'')-If,2.326579090909091
PKD,APH(2'')-Ig,0
PKD,APH(3'')-Ib,2.071043318181818
PKD,APH(3')-IIIa,35.85515972727273
PKD,APH(3')-IIa,0.0040115
PKD,APH(3')-Ia,1.5385383636363636
PKD,APH(3')-Ib,0
PKD,APH(3')-VIIa,5.664090909090909e-4
PKD,APH(3')-VIa,0.008641772727272727
PKD,APH(4)-Ia,1.1353458181818181
PKD,APH(6)-Ic,0.0073739090909090916
PKD,APH(6)-Id,0
PKD,Acinetobacter baumannii AbaQ,0
PKD,Acinetobacter baumannii AmvA,0
PKD,AcrE,0.006136045454545455
PKD,AcrS,0.0021938181818181818
PKD,ArnT,0.0119525
PKD,BLMT,0.03218690909090909
PKD,BRO-2,0
PKD,BRP(MBL),0
PKD,BcI,0
PKD,BcIII,0
PKD,Bifidobacterium adolescentis rpoB mutants conferring resistance to rifampicin,0
PKD,CARB-3,0
PKD,CARB-4,0
PKD,CARB-8,0
PKD,CARB-9,0
PKD,CDD-2,0
PKD,CMH-4,0
PKD,CMY-59,0
PKD,CTX-M-55,0
PKD,CTX-M-65,0
PKD,Campylobacter coli chloramphenicol acetyltransferase,3.852667590909091
PKD,Campylobacter jejuni gyrA conferring resistance to fluoroquinolones,0.003905681818181818
PKD,CblA-1,0
PKD,CcrA,0
PKD,CfxA6,0.0014407272727272728
PKD,Clostridioides difficile gyrB conferring resistance to fluoroquinolones,0
PKD,Clostridium perfringens mprF,0
PKD,Corynebacterium striatum tetA,0.036673136363636366
PKD,CrcB,0
PKD,DHA-1,0
PKD,DfrA37,0.049126136363636365
PKD,DfrB9,0
PKD,EBR-5,0
PKD,EC-14,0.016198636363636363
PKD,EC-15,0.0029789090909090907
PKD,EreA,0.005103045454545455
PKD,EreD,0.022613863636363637
PKD,Erm(34),0
PKD,Erm(35),1.5177918181818182
PKD,Erm(36),4.8022727272727274e-4
PKD,Erm(42),0
PKD,Erm(48),0
PKD,Erm(49),0
PKD,Erm(51),0.016760454545454544
PKD,Erm(52),2.0520271818181817
PKD,ErmA,1.3547814090909092
PKD,ErmB,4.2026153636363635
PKD,ErmC,1.4243193181818181
PKD,ErmF,4.3911315
PKD,ErmG,0.7616702272727273
PKD,ErmQ,0.10758795454545454
PKD,ErmT,0.37035704545454545
PKD,ErmX,1.6380836363636364
PKD,ErmY,0.2198169090909091
PKD,"Escherichia coli AcrAB-TolC with AcrR mutation conferring resistance to ciprofloxacin, tetracycline, and ceftazidime",0.0030469090909090906
PKD,Escherichia coli AcrAB-TolC with MarR mutations conferring resistance to ciprofloxacin and tetracycline,0.07965027272727272
PKD,Escherichia coli EF-Tu mutants conferring resistance to Pulvomycin,0.012102454545454545
PKD,Escherichia coli acrA,0.005753045454545455
PKD,Escherichia coli ampC beta-lactamase,0
PKD,Escherichia coli emrE,0.030305545454545457
PKD,Escherichia coli mdfA,0.0033823636363636365
PKD,Escherichia coli parE conferring resistance to fluoroquinolones,0
PKD,Escherichia coli soxR with mutation conferring antibiotic resistance,0
PKD,Escherichia coli soxS with mutation conferring antibiotic resistance,0
PKD,EstT,2.208642409090909
PKD,FosA2,0.0039966818181818185
PKD,FosA3,0.03967704545454546
PKD,FosA7.5,0
PKD,FosA8,0.011537454545454545
PKD,FosB3,3.700989227272727
PKD,FosBx1,3.9920822727272727
PKD,FosD,1.5288860909090909
PKD,FosG,0
PKD,FosI,0.06047795454545454
PKD,FosK,0
PKD,FosXCC,16.642970545454546
PKD,FusF,0.2269900909090909
PKD,H-NS,0.016911181818181818
PKD,Haemophilus influenzae PBP3 conferring resistance to beta-lactam antibiotics,0.015376227272727272
PKD,HelR,0
PKD,Helicobacter pylori rpoB mutation conferring resistance to rifampicin,0.04068436363636364
PKD,ICR-Mo,0
PKD,Klebsiella pneumoniae KpnE,0.006607045454545455
PKD,Klebsiella pneumoniae KpnF,0.014077409090909092
PKD,Klebsiella pneumoniae KpnG,0
PKD,Klebsiella pneumoniae KpnH,0.006106545454545455
PKD,Klebsiella pneumoniae OmpK37,0
PKD,Limosilactobacillus reuteri cat-TC,0
PKD,LlmA 23S ribosomal RNA methyltransferase,0
PKD,LnuH,0
PKD,LnuP,0.5671130909090909
PKD,LptD,0
PKD,MCR-1.1,0
PKD,Mef(En2),5.502216454545454
PKD,Morganella morganii gyrB conferring resistance to fluoroquinolones,0
PKD,Mrx,0
PKD,Mycobacterium tuberculosis folC with mutation conferring resistance to para-aminosalicylic acid,0
PKD,Mycobacterium tuberculosis intrinsic murA conferring resistance to fosfomycin,0
PKD,Mycobacterium tuberculosis rpsL mutations conferring resistance to Streptomycin,0.0038928181818181818
PKD,NDM-5,0
PKD,Neisseria gonorrhoeae gyrA conferring resistance to fluoroquinolones,0
PKD,OXA-1,0.016200863636363638
PKD,OXA-10,0.016287045454545453
PKD,OXA-136,1.579929590909091
PKD,OXA-140,0
PKD,OXA-184,0
PKD,OXA-193,0
PKD,OXA-21,0
PKD,OXA-334,0
PKD,OXA-347,0.1557290909090909
PKD,OXA-58,0
PKD,OXA-820,0
PKD,OXA-912,0
PKD,OmpA,0
PKD,PC1 beta-lactamase (blaZ),0.0450355
PKD,PmrF,0.019752454545454545
PKD,QnrA3,0
PKD,QnrB6,0
PKD,QnrD1,0.0029426818181818182
PKD,QnrS1,0.030351772727272727
PKD,QnrVC5,0.0020449090909090907
PKD,RCP-1,0
PKD,RanA,0
PKD,RanB,0
PKD,RbpA,0
PKD,Rhodobacter sphaeroides ampC beta-lactamase,0
PKD,SAT-2,0
PKD,SAT-4,12.211789636363637
PKD,SHV-11,0
PKD,Sed-1,0
PKD,Staphylococcus intermedius chloramphenicol acetyltransferase,0.03448568181818182
PKD,Streptococcus suis chloramphenicol acetyltransferase,3.577955818181818
PKD,Streptomyces rimosus otr(A),0.008056363636363636
PKD,Streptomyces venezuelae rox,0.008421818181818181
PKD,TEM-1,0.11786072727272727
PKD,TRU-1,0
PKD,TolC,0
PKD,VEB-17,0
PKD,Vibrio anguillarum chloramphenicol acetyltransferase,0.4012994090909091
PKD,Vibrio cholerae varG,0
PKD,YojI,0
PKD,aad(6),3.6799633636363636
PKD,aadA11,0
PKD,aadA15,0.0764810909090909
PKD,aadA16,0.12788277272727272
PKD,aadA17,0.13825095454545455
PKD,aadA2,0.03351922727272728
PKD,aadA27,0
PKD,aadA5,0.11059027272727273
PKD,aadA7,0
PKD,aadA9,0.02108709090909091
PKD,aadK,0
PKD,aadS,0.3997671818181818
PKD,abeS,0
PKD,acrB,5.4545454545454545e-6
PKD,acrD,0
PKD,adeF,4.9975885
PKD,adeL,0
PKD,almE,0
PKD,almF,0
PKD,almG,0
PKD,aphA15,0
PKD,apmA,2.8053079090909088
PKD,armA,0
PKD,arr-2,0.045075454545454544
PKD,arr-3,0.02358868181818182
PKD,arr-8,0
PKD,bacA,0
PKD,baeR,0.02104990909090909
PKD,baeS,0
PKD,catA4,0
PKD,catA8,0.002224772727272727
PKD,catB11,0
PKD,catB2,0
PKD,catB3,8.677272727272727e-5
PKD,catB8,0.2501403181818182
PKD,catII from Escherichia coli K-12,7.120000000000001e-4
PKD,catIII,2.1148092272727275
PKD,catP,1.1704545454545454e-4
PKD,catQ,1.834039909090909
PKD,catS,0.022596181818181817
PKD,cepA,0.005905545454545455
PKD,cfr(D),0.01011931818181818
PKD,cfrA,0.8022292727272727
PKD,cfrC,0.033676500000000005
PKD,cfrE,1.6248357727272726
PKD,clbC,0
PKD,clcD,0.003494
PKD,cmeR,0
PKD,cmlA5,0.0017692727272727272
PKD,cphA3,0
PKD,cpxA,0.010513545454545454
PKD,dfrA1,0
PKD,dfrA10,0
PKD,dfrA12,0.21809922727272726
PKD,dfrA14,0.018165818181818182
PKD,dfrA15,0.015809
PKD,dfrA16,0
PKD,dfrA17,0.3690829090909091
PKD,dfrA19,0
PKD,dfrA20,0
PKD,dfrA27,0.3921538636363636
PKD,dfrA6 from Proteus mirabilis,0
PKD,dfrD,0.002107090909090909
PKD,dfrE,0
PKD,dfrF,0.022102954545454547
PKD,dfrG,0.15617050000000002
PKD,dfrL,0
PKD,efmA,0
PKD,efrA,0
PKD,emrA,0.005581954545454545
PKD,emrK,0.01110459090909091
PKD,emrR,0.013481136363636364
PKD,emrY,0
PKD,emtA,0.016809545454545455
PKD,eptA,0
PKD,eptB,0
PKD,erm(45),8.513636363636363e-4
PKD,evgA,0.008724727272727273
PKD,evgS,0
PKD,fexA,10.269798772727272
PKD,fexB,0.2537404545454545
PKD,fosA5,0
PKD,fusC,0
PKD,fusD,0
PKD,gadX,0.011208954545454546
PKD,golS,0
PKD,kdpE,0.0032814090909090913
PKD,leuO,0
PKD,linG,0
PKD,lnuA,0.6586798181818182
PKD,lnuB,0.09560577272727273
PKD,lnuC,54.366331
PKD,lnuD,0
PKD,lnuE,0
PKD,lnuF,0
PKD,lnuG,5.482727272727272e-4
PKD,lsaE,0
PKD,marA,0.020968409090909093
PKD,mdeA,0
PKD,mdtA,0
PKD,mdtB,0.0053384545454545455
PKD,mdtC,0
PKD,mdtE,0
PKD,mdtF,3.7690909090909094e-4
PKD,mdtG,0
PKD,mdtH,0.005564590909090909
PKD,mdtM,0.004491227272727273
PKD,mdtN,0.004557863636363637
PKD,mdtO,1.9704545454545455e-4
PKD,mdtP,0.0015898181818181818
PKD,mecA,0.24235236363636364
PKD,mecB,0
PKD,mecI,0.030138363636363633
PKD,mecR1,0.15276668181818182
PKD,mefF,0
PKD,mefH,0.5684369090909092
PKD,mphA,0.0037994090909090907
PKD,mphC,0.08459568181818182
PKD,mphE,0
PKD,mphF,0
PKD,mphG,0
PKD,mphK,0
PKD,mphO,0.011409500000000001
PKD,msbA,0
PKD,msr(G),0
PKD,msr(I),0
PKD,msrA,0.15908822727272728
PKD,nimA,1.547215090909091
PKD,nimB,0.6174605
PKD,nimC,0.09547486363636365
PKD,nimD,0
PKD,nimE,0.054957318181818184
PKD,nimF,0.1360185909090909
PKD,nimG,0.9662772272727272
PKD,nimH,0.015045818181818181
PKD,nimI,0.16295686363636364
PKD,nimJ,2.7879649545454543
PKD,nimK,0.2258694090909091
PKD,norC,0.2948093636363637
PKD,npmA,2.2616609545454547
PKD,oqxA,0
PKD,patB,0.010852272727272726
PKD,poxtA,1.1851485454545454
PKD,qacEdelta1,0.9656535
PKD,qacG,0.4550463181818182
PKD,qacJ,8.524308863636364
PKD,qacL,0.02610159090909091
PKD,ramA,0
PKD,rgt1438,0
PKD,rmtB,0.008499818181818181
PKD,rsmA,0
PKD,salC,0
PKD,salD,0.0026585454545454547
PKD,salE,0.26110768181818184
PKD,sdiA,0
PKD,sdrM,0.41428977272727274
PKD,sepA,0.26806840909090907
PKD,spd,0.04683154545454546
PKD,sul1,0.5618852727272727
PKD,sul2,0.8567288181818182
PKD,sul3,0.003950363636363636
PKD,sul4,0
PKD,tet(32),15.869957863636364
PKD,tet(33),0.25638154545454545
PKD,tet(36),0.013848636363636365
PKD,tet(40),13.920227681818181
PKD,tet(44),5.680865590909091
PKD,tet(45),7.201119590909091
PKD,tet(59),0
PKD,tet(A),0.36043013636363636
PKD,tet(B),0
PKD,tet(C),0
PKD,tet(D),0
PKD,tet(K),0.013295136363636363
PKD,tet(M),7.838647727272727
PKD,tet(O),112.91890522727273
PKD,tet(O/32/O),1.8236397272727272
PKD,tet(O/W/32/O),0.36679849999999997
PKD,tet(Q),98.75757104545454
PKD,tet(R),0
PKD,tet(S),0.4366343181818182
PKD,tet(T),0.014584136363636363
PKD,tet(W),76.4177155909091
PKD,tet(W/N/W),6.151991136363637
PKD,tet(X),0.9739477272727273
PKD,tet(X1),0
PKD,tet(X3),0
PKD,tet(X5),0
PKD,tet(Z),1.5373559090909092
PKD,tetB(P),2.4458225909090907
PKD,tmrB,0
PKD,ugd,3.7204545454545455e-4
PKD,vanB,0
PKD,vanC,0.005769318181818182
PKD,vanE,0
PKD,vanF,0.11921372727272728
PKD,vanG,4.482591454545455
PKD,vanHA,0.01144159090909091
PKD,vanHB,0
PKD,vanHD,0.03007522727272727
PKD,vanHF,0.5320678181818181
PKD,vanHM,0.006494227272727272
PKD,vanHO,2.2487454545454546
PKD,vanHP,0.09964822727272728
PKD,vanI,0
PKD,vanRB,0
PKD,vanRC,5.691363636363636e-4
PKD,vanRG,0.002201136363636364
PKD,vanRI,0
PKD,vanSB,0
PKD,vanTC,0.009963818181818181
PKD,vanTE,0.17861627272727273
PKD,vanTG,4.554445636363637
PKD,vanTN,0.017970227272727273
PKD,vanTmL,0.009231045454545455
PKD,vanTrL,0.052951954545454545
PKD,vanUG,0.04786345454545455
PKD,vanWB,1.5132406363636364
PKD,vanWG,1.1906287727272726
PKD,vanWI,9.407315136363636
PKD,vanXA,0
PKD,vanXB,0
PKD,vanXF,0.09532086363636363
PKD,vanXI,7.824545454545455e-4
PKD,vanXO,0
PKD,vanXP,0.008717772727272727
PKD,vanXYC,0
PKD,vanXYE,7.263181818181818e-4
PKD,vanXYG,3.0069709545454546
PKD,vanXYN,0
PKD,vanYA,2.122373
PKD,vanYB,16.209562363636362
PKD,vanYF,3.396337318181818
PKD,vanYG,7.5009049545454545
PKD,vanYM,4.660101090909091
PKD,vatE,0.016737272727272726
PKD,ykkC,0
PKD,ykkD,0
SRD,23S rRNA (adenine(2058)-N(6))-methyltransferase Erm(A),0
SRD,AAC(3)-IIc,0.0037248733333333332
SRD,AAC(3)-IVa,0.019265356666666667
SRD,AAC(3)-VIIa,0
SRD,AAC(6')-IIa,1.4288610533333332
SRD,AAC(6')-Ia,0
SRD,AAC(6')-Iaj,0
SRD,AAC(6')-Ib',5.266266666666666e-4
SRD,AAC(6')-Ib-cr3,0.00155222
SRD,AAC(6')-Ib-cr6,0.0029742933333333334
SRD,AAC(6')-Ib7,3.095666666666667e-5
SRD,AAC(6')-Ib8,4.0332666666666666e-4
SRD,AAC(6')-Ib9,0
SRD,AAC(6')-Ie-APH(2'')-Ia bifunctional protein,0.009497966666666666
SRD,AAC(6')-Ii,0
SRD,AAC(6')-Iid,0
SRD,AAC(6')-Il,0
SRD,AAC(6')-Im,0.3661652966666667
SRD,AAC(6')-Iy,0
SRD,ACI-1,0.010534806666666667
SRD,ACT-56,0
SRD,ACT-77,0
SRD,ADC-43,0
SRD,ANT(2'')-Ia,0.081350936666666665
SRD,ANT(3'')-IIa,1.5883315133333333
SRD,ANT(3'')-IIb,0
SRD,ANT(4')-Ia,3.243433333333333e-4
SRD,ANT(4')-Ib,0
SRD,ANT(6)-Ia,0.03667573666666667
SRD,ANT(6)-Ib,0.76704663
SRD,ANT(9)-Ia,2.575e-5
SRD,ANT(9)-Ib,0
SRD,APH(2'')-IIIa,0
SRD,APH(2'')-IIa,2.5203333333333333e-5
SRD,APH(2'')-Ie,6.669033333333333e-4
SRD,APH(2'')-If,0.5637203933333333
SRD,APH(2'')-Ig,0.0036539466666666667
SRD,APH(3'')-Ib,0.98146928
SRD,APH(3')-IIIa,20.3823307
SRD,APH(3')-IIa,1.889e-5
SRD,APH(3')-Ia,0.06622652
SRD,APH(3')-Ib,0
SRD,APH(3')-VIIa,7.427333333333333e-5
SRD,APH(3')-VIa,0
SRD,APH(4)-Ia,4.4819e-4
SRD,APH(6)-Ic,0
SRD,APH(6)-Id,0.31643528666666665
SRD,Acinetobacter baumannii AbaQ,0
SRD,Acinetobacter baumannii AmvA,0
SRD,AcrE,0.01061123
SRD,AcrS,0.00875909
SRD,ArnT,0.03591378666666667
SRD,BLMT,0
SRD,BRO-2,0
SRD,BRP(MBL),0
SRD,BcI,0
SRD,BcIII,0
SRD,Bifidobacterium adolescentis rpoB mutants conferring resistance to rifampicin,6.804e-5
SRD,CARB-3,0
SRD,CARB-4,0
SRD,CARB-8,0
SRD,CARB-9,0
SRD,CDD-2,0
SRD,CMH-4,0
SRD,CMY-59,3.660666666666667e-5
SRD,CTX-M-55,0.013788046666666666
SRD,CTX-M-65,0.00127928
SRD,Campylobacter coli chloramphenicol acetyltransferase,0.84331983
SRD,Campylobacter jejuni gyrA conferring resistance to fluoroquinolones,0.008366736666666666
SRD,CblA-1,0
SRD,CcrA,0
SRD,CfxA6,0.00113824
SRD,Clostridioides difficile gyrB conferring resistance to fluoroquinolones,1.4896666666666666e-5
SRD,Clostridium perfringens mprF,4.144e-5
SRD,Corynebacterium striatum tetA,0
SRD,CrcB,0
SRD,DHA-1,0
SRD,DfrA37,2.2338333333333336e-4
SRD,DfrB9,0
SRD,EBR-5,0
SRD,EC-14,0.020701983333333333
SRD,EC-15,0.01577526
SRD,EreA,4.1620000000000005e-5
SRD,EreD,4.424399726666667
SRD,Erm(34),0
SRD,Erm(35),1.3247223366666667
SRD,Erm(36),0
SRD,Erm(42),0.007755406666666667
SRD,Erm(48),0
SRD,Erm(49),0.036768336666666665
SRD,Erm(51),1.671666666666667e-5
SRD,Erm(52),0.40529329000000003
SRD,ErmA,1.5110039533333333
SRD,ErmB,0.8997117033333334
SRD,ErmC,0
SRD,ErmF,5.3909942
SRD,ErmG,0.07815571
SRD,ErmQ,0.01546507
SRD,ErmT,6.0785e-4
SRD,ErmX,8.519733333333334e-4
SRD,ErmY,0
SRD,"Escherichia coli AcrAB-TolC with AcrR mutation conferring resistance to ciprofloxacin, tetracycline, and ceftazidime",0.019732963333333332
SRD,Escherichia coli AcrAB-TolC with MarR mutations conferring resistance to ciprofloxacin and tetracycline,0.03814588666666667
SRD,Escherichia coli EF-Tu mutants conferring resistance to Pulvomycin,0.014460686666666667
SRD,Escherichia coli acrA,0.01367315
SRD,Escherichia coli ampC beta-lactamase,0.00676775
SRD,Escherichia coli emrE,0.04090780333333333
SRD,Escherichia coli mdfA,0.010168276666666667
SRD,Escherichia coli parE conferring resistance to fluoroquinolones,0
SRD,Escherichia coli soxR with mutation conferring antibiotic resistance,0.00792132
SRD,Escherichia coli soxS with mutation conferring antibiotic resistance,0.04951601
SRD,EstT,3.9739514933333333
SRD,FosA2,0
SRD,FosA3,0.01140498
SRD,FosA7.5,3.0604e-4
SRD,FosA8,0.004571006666666667
SRD,FosB3,0.19339871
SRD,FosBx1,1.7246666666666667e-4
SRD,FosD,0
SRD,FosG,0
SRD,FosI,0.03545317666666667
SRD,FosK,0
SRD,FosXCC,0.87186606
SRD,FusF,0
SRD,H-NS,0.031597443333333336
SRD,Haemophilus influenzae PBP3 conferring resistance to beta-lactam antibiotics,0.021636946666666667
SRD,HelR,0
SRD,Helicobacter pylori rpoB mutation conferring resistance to rifampicin,0.00332447
SRD,ICR-Mo,0
SRD,Klebsiella pneumoniae KpnE,0.03335660666666667
SRD,Klebsiella pneumoniae KpnF,0.03593655666666667
SRD,Klebsiella pneumoniae KpnG,0
SRD,Klebsiella pneumoniae KpnH,0.018981336666666668
SRD,Klebsiella pneumoniae OmpK37,0
SRD,Limosilactobacillus reuteri cat-TC,0
SRD,LlmA 23S ribosomal RNA methyltransferase,0
SRD,LnuH,0
SRD,LnuP,0.05589227
SRD,LptD,0
SRD,MCR-1.1,4.601133333333333e-4
SRD,Mef(En2),10.03987044
SRD,Morganella morganii gyrB conferring resistance to fluoroquinolones,0
SRD,Mrx,4.253766666666667e-4
SRD,Mycobacterium tuberculosis folC with mutation conferring resistance to para-aminosalicylic acid,0
SRD,Mycobacterium tuberculosis intrinsic murA conferring resistance to fosfomycin,1.821e-5
SRD,Mycobacterium tuberculosis rpsL mutations conferring resistance to Streptomycin,0.0021535666666666667
SRD,NDM-5,0
SRD,Neisseria gonorrhoeae gyrA conferring resistance to fluoroquinolones,0
SRD,OXA-1,6.1115e-4
SRD,OXA-10,0.01706265
SRD,OXA-136,1.5565850333333333
SRD,OXA-140,3.4511e-4
SRD,OXA-184,0.015372376666666666
SRD,OXA-193,0
SRD,OXA-21,0
SRD,OXA-334,1.8403333333333334e-5
SRD,OXA-347,0.09694395666666666
SRD,OXA-58,0
SRD,OXA-820,0
SRD,OXA-912,0
SRD,OmpA,0
SRD,PC1 beta-lactamase (blaZ),0
SRD,PmrF,0.020562916666666667
SRD,QnrA3,5.433166666666667e-4
SRD,QnrB6,0
SRD,QnrD1,3.526666666666667e-5
SRD,QnrS1,0.019318833333333334
SRD,QnrVC5,0
SRD,RCP-1,0
SRD,RanA,0
SRD,RanB,2.5226666666666667e-5
SRD,RbpA,0
SRD,Rhodobacter sphaeroides ampC beta-lactamase,1.5366666666666667e-4
SRD,SAT-2,0.003453813333333333
SRD,SAT-4,4.16645464
SRD,SHV-11,0
SRD,Sed-1,0
SRD,Staphylococcus intermedius chloramphenicol acetyltransferase,0
SRD,Streptococcus suis chloramphenicol acetyltransferase,0.4328038433333333
SRD,Streptomyces rimosus otr(A),9.515e-4
SRD,Streptomyces venezuelae rox,0
SRD,TEM-1,0.046790943333333335
SRD,TRU-1,0
SRD,TolC,0.005894643333333333
SRD,VEB-17,0.05679692333333333
SRD,Vibrio anguillarum chloramphenicol acetyltransferase,1.6169065733333334
SRD,Vibrio cholerae varG,0
SRD,YojI,0.002462733333333333
SRD,aad(6),0.25354023666666664
SRD,aadA11,1.6643333333333334e-5
SRD,aadA15,1.8315e-4
SRD,aadA16,5.392433333333333e-4
SRD,aadA17,0
SRD,aadA2,2.0899e-4
SRD,aadA27,2.0416666666666667e-5
SRD,aadA5,0.003421766666666667
SRD,aadA7,0
SRD,aadA9,9.460666666666666e-5
SRD,aadK,0
SRD,aadS,0.10244896333333334
SRD,abeS,0
SRD,acrB,0.00462575
SRD,acrD,0.003628946666666667
SRD,adeF,3.1171135133333334
SRD,adeL,0
SRD,almE,0
SRD,almF,0
SRD,almG,0
SRD,aphA15,0
SRD,apmA,3.7702e-4
SRD,armA,0
SRD,arr-2,0.12365952666666667
SRD,arr-3,1.5401061533333333
SRD,arr-8,0
SRD,bacA,0
SRD,baeR,0.015533246666666667
SRD,baeS,0.00376437
SRD,catA4,0
SRD,catA8,0.03954158666666667
SRD,catB11,0
SRD,catB2,0
SRD,catB3,0.0025484966666666667
SRD,catB8,0
SRD,catII from Escherichia coli K-12,0.0017368566666666667
SRD,catIII,0.020791623333333332
SRD,catP,0.06914983333333333
SRD,catQ,0.0010369066666666667
SRD,catS,0.022011153333333332
SRD,cepA,0
SRD,cfr(D),3.902e-5
SRD,cfrA,0.2544606133333333
SRD,cfrC,0
SRD,cfrE,8.062953973333332
SRD,clbC,2.2723333333333333e-5
SRD,clcD,0.0010803466666666668
SRD,cmeR,0.016967466666666667
SRD,cmlA5,0.00280708
SRD,cphA3,0
SRD,cpxA,0.017292366666666666
SRD,dfrA1,2.593433333333333e-4
SRD,dfrA10,0
SRD,dfrA12,6.399166666666667e-4
SRD,dfrA14,0.019245403333333334
SRD,dfrA15,0
SRD,dfrA16,0
SRD,dfrA17,0.00349278
SRD,dfrA19,0
SRD,dfrA20,0
SRD,dfrA27,1.1344676566666667
SRD,dfrA6 from Proteus mirabilis,0
SRD,dfrD,0
SRD,dfrE,0
SRD,dfrF,0.015688196666666668
SRD,dfrG,5.745966666666667e-4
SRD,dfrL,0
SRD,efmA,0
SRD,efrA,0
SRD,emrA,0.007792193333333333
SRD,emrK,0.005705193333333333
SRD,emrR,0.03779006
SRD,emrY,0.0010323933333333333
SRD,emtA,0
SRD,eptA,0.006114873333333333
SRD,eptB,0
SRD,erm(45),0
SRD,evgA,0.0135231
SRD,evgS,0.0033606533333333335
SRD,fexA,6.40357021
SRD,fexB,0.00833496
SRD,fosA5,0
SRD,fusC,0
SRD,fusD,3.7477e-4
SRD,gadX,0.01543866
SRD,golS,0
SRD,kdpE,0.006293216666666667
SRD,leuO,0.006785016666666667
SRD,linG,0
SRD,lnuA,0.004519066666666667
SRD,lnuB,0.06944038
SRD,lnuC,36.44052623
SRD,lnuD,0
SRD,lnuE,0
SRD,lnuF,6.6087e-4
SRD,lnuG,1.2174333333333332e-4
SRD,lsaE,4.6069e-4
SRD,marA,0.032618683333333336
SRD,mdeA,9.802333333333334e-5
SRD,mdtA,0.0025898666666666664
SRD,mdtB,0.0027611766666666665
SRD,mdtC,0
SRD,mdtE,0.0036346266666666665
SRD,mdtF,0.0066658866666666665
SRD,mdtG,0.0029099533333333334
SRD,mdtH,0.005577563333333333
SRD,mdtM,0.011096643333333333
SRD,mdtN,0.012071013333333333
SRD,mdtO,0.0026323833333333334
SRD,mdtP,0.007359376666666666
SRD,mecA,0
SRD,mecB,0
SRD,mecI,0
SRD,mecR1,0
SRD,mefF,0
SRD,mefH,0.14520026666666666
SRD,mphA,1.5521666666666668e-4
SRD,mphC,0
SRD,mphE,0
SRD,mphF,0
SRD,mphG,0
SRD,mphK,0
SRD,mphO,1.0128e-4
SRD,msbA,0.0024862833333333333
SRD,msr(G),9.230000000000001e-6
SRD,msr(I),1.063e-5
SRD,msrA,2.031333333333333e-5
SRD,nimA,4.964776663333334
SRD,nimB,0.6172489
SRD,nimC,0
SRD,nimD,1.5539e-4
SRD,nimE,0.06096131
SRD,nimF,0.32778209
SRD,nimG,1.1441828266666667
SRD,nimH,0.0590862
SRD,nimI,0.16822737333333335
SRD,nimJ,1.6828875733333333
SRD,nimK,0.13305072333333334
SRD,norC,1.0901e-4
SRD,npmA,0.7548770166666666
SRD,oqxA,4.7544666666666667e-4
SRD,patB,1.798666666666667e-5
SRD,poxtA,11.43813372
SRD,qacEdelta1,0.03193998666666667
SRD,qacG,0.583306
SRD,qacJ,0.69867634
SRD,qacL,0.0057151166666666664
SRD,ramA,0
SRD,rgt1438,0
SRD,rmtB,9.266666666666666e-5
SRD,rsmA,0
SRD,salC,1.6376666666666665e-5
SRD,salD,5.981333333333333e-5
SRD,salE,0
SRD,sdiA,0
SRD,sdrM,4.2135e-4
SRD,sepA,7.1168e-4
SRD,spd,0
SRD,sul1,0.028758546666666666
SRD,sul2,3.89435585
SRD,sul3,3.2558666666666664e-4
SRD,sul4,0
SRD,tet(32),5.212632903333334
SRD,tet(33),4.300033333333333e-4
SRD,tet(36),8.287333333333332e-5
SRD,tet(40),2.2672618566666665
SRD,tet(44),7.516354343333333
SRD,tet(45),1.5652221133333333
SRD,tet(59),1.694e-5
SRD,tet(A),0.9381487733333334
SRD,tet(B),0.0010565733333333333
SRD,tet(C),0.0015657466666666666
SRD,tet(D),5.275266666666667e-4
SRD,tet(K),0
SRD,tet(M),0.8335836833333333
SRD,tet(O),11.1737707
SRD,tet(O/32/O),0.5718041333333334
SRD,tet(O/W/32/O),0.41208632666666667
SRD,tet(Q),116.6176072
SRD,tet(R),9.1176e-4
SRD,tet(S),0.007068463333333334
SRD,tet(T),2.8139999999999998e-5
SRD,tet(W),58.55254636
SRD,tet(W/N/W),3.47796342
SRD,tet(X),2.475689146666667
SRD,tet(X1),0
SRD,tet(X3),0
SRD,tet(X5),0
SRD,tet(Z),0
SRD,tetB(P),0.26619208333333333
SRD,tmrB,0
SRD,ugd,0.00228261
SRD,vanB,0
SRD,vanC,1.3437e-4
SRD,vanE,0
SRD,vanF,0.07691027666666667
SRD,vanG,4.98003043
SRD,vanHA,1.1452666666666666e-4
SRD,vanHB,0.002560886666666667
SRD,vanHD,0.10500200333333333
SRD,vanHF,0.07392636333333333
SRD,vanHM,0.014974036666666668
SRD,vanHO,2.0918556466666667
SRD,vanHP,0.01418905
SRD,vanI,0
SRD,vanRB,3.333666666666666e-5
SRD,vanRC,7.447e-5
SRD,vanRG,0.003970593333333334
SRD,vanRI,0
SRD,vanSB,0
SRD,vanTC,9.838666666666667e-5
SRD,vanTE,0.0024569866666666667
SRD,vanTG,5.230908533333333
SRD,vanTN,0.00971516
SRD,vanTmL,3.898733333333333e-4
SRD,vanTrL,0.02107469333333333
SRD,vanUG,0.15103388333333334
SRD,vanWB,3.1891800866666666
SRD,vanWG,2.0885360333333334
SRD,vanWI,8.5265268333333335
SRD,vanXA,0
SRD,vanXB,0.002024876666666667
SRD,vanXF,0.14128549
SRD,vanXI,3.0795666666666666e-4
SRD,vanXO,0
SRD,vanXP,0.00358547
SRD,vanXYC,5.130733333333333e-4
SRD,vanXYE,0
SRD,vanXYG,4.812936036666667
SRD,vanXYN,0.00595314
SRD,vanYA,4.146090786666667
SRD,vanYB,21.91162052
SRD,vanYF,4.58115785
SRD,vanYG,10.66761397
SRD,vanYM,5.27703809
SRD,vatE,0
SRD,ykkC,0
SRD,ykkD,0
SXD,23S rRNA (adenine(2058)-N(6))-methyltransferase Erm(A),0
SXD,AAC(3)-IIc,0.003063357142857143
SXD,AAC(3)-IVa,0
SXD,AAC(3)-VIIa,0
SXD,AAC(6')-IIa,0
SXD,AAC(6')-Ia,0
SXD,AAC(6')-Iaj,0
SXD,AAC(6')-Ib',0
SXD,AAC(6')-Ib-cr3,7.752857142857144e-4
SXD,AAC(6')-Ib-cr6,0.003664285714285714
SXD,AAC(6')-Ib7,6.399999999999999e-4
SXD,AAC(6')-Ib8,0
SXD,AAC(6')-Ib9,0
SXD,AAC(6')-Ie-APH(2'')-Ia bifunctional protein,0.0034657857142857142
SXD,AAC(6')-Ii,0
SXD,AAC(6')-Iid,0.0013644285714285716
SXD,AAC(6')-Il,0
SXD,AAC(6')-Im,0.04680235714285714
SXD,AAC(6')-Iy,0
SXD,ACI-1,0.4917690714285714
SXD,ACT-56,0
SXD,ACT-77,0
SXD,ADC-43,0
SXD,ANT(2'')-Ia,0.011810214285714285
SXD,ANT(3'')-IIa,0.5304465
SXD,ANT(3'')-IIb,0
SXD,ANT(4')-Ia,0.04490242857142857
SXD,ANT(4')-Ib,0
SXD,ANT(6)-Ia,0.0423845
SXD,ANT(6)-Ib,0.6136963571428571
SXD,ANT(9)-Ia,0
SXD,ANT(9)-Ib,0
SXD,APH(2'')-IIIa,0
SXD,APH(2'')-IIa,0
SXD,APH(2'')-Ie,0
SXD,APH(2'')-If,0.8594317142857143
SXD,APH(2'')-Ig,0.005043214285714285
SXD,APH(3'')-Ib,1.6327922857142858
SXD,APH(3')-IIIa,9.625780785714285
SXD,APH(3')-IIa,0
SXD,APH(3')-Ia,0.013014928571428571
SXD,APH(3')-Ib,0
SXD,APH(3')-VIIa,0.0037382142857142857
SXD,APH(3')-VIa,0
SXD,APH(4)-Ia,0
SXD,APH(6)-Ic,0
SXD,APH(6)-Id,0.029761857142857142
SXD,Acinetobacter baumannii AbaQ,0
SXD,Acinetobacter baumannii AmvA,0
SXD,AcrE,0.09164971428571428
SXD,AcrS,0.07702149999999999
SXD,ArnT,0.1492267142857143
SXD,BLMT,0
SXD,BRO-2,0
SXD,BRP(MBL),0
SXD,BcI,0
SXD,BcIII,0
SXD,Bifidobacterium adolescentis rpoB mutants conferring resistance to rifampicin,0
SXD,CARB-3,0.004243285714285714
SXD,CARB-4,0
SXD,CARB-8,0
SXD,CARB-9,0
SXD,CDD-2,0
SXD,CMH-4,0
SXD,CMY-59,0
SXD,CTX-M-55,3.626428571428571e-4
SXD,CTX-M-65,0
SXD,Campylobacter coli chloramphenicol acetyltransferase,0.5311756428571428
SXD,Campylobacter jejuni gyrA conferring resistance to fluoroquinolones,2.9064285714285715e-4
SXD,CblA-1,0
SXD,CcrA,0
SXD,CfxA6,0.0012029285714285714
SXD,Clostridioides difficile gyrB conferring resistance to fluoroquinolones,0
SXD,Clostridium perfringens mprF,8.052857142857143e-4
SXD,Corynebacterium striatum tetA,0
SXD,CrcB,0
SXD,DHA-1,0
SXD,DfrA37,0
SXD,DfrB9,0
SXD,EBR-5,0
SXD,EC-14,0.04398057142857143
SXD,EC-15,0.06449714285714286
SXD,EreA,0
SXD,EreD,5.438263857142857
SXD,Erm(34),0
SXD,Erm(35),0.7957717857142858
SXD,Erm(36),0
SXD,Erm(42),0
SXD,Erm(48),5.717857142857142e-4
SXD,Erm(49),0.011240285714285715
SXD,Erm(51),0
SXD,Erm(52),0.6540982142857142
SXD,ErmA,0.04597807142857143
SXD,ErmB,2.0959850714285713
SXD,ErmC,0
SXD,ErmF,5.100943785714286
SXD,ErmG,0.010744785714285714
SXD,ErmQ,0.015969642857142856
SXD,ErmT,0.015991642857142857
SXD,ErmX,0.002771
SXD,ErmY,0
SXD,"Escherichia coli AcrAB-TolC with AcrR mutation conferring resistance to ciprofloxacin, tetracycline, and ceftazidime",0.1085265
SXD,Escherichia coli AcrAB-TolC with MarR mutations conferring resistance to ciprofloxacin and tetracycline,0.15167414285714284
SXD,Escherichia coli EF-Tu mutants conferring resistance to Pulvomycin,0.05110314285714286
SXD,Escherichia coli acrA,0.04593864285714286
SXD,Escherichia coli ampC beta-lactamase,0.0062035
SXD,Escherichia coli emrE,0.10662942857142857
SXD,Escherichia coli mdfA,0.08083057142857143
SXD,Escherichia coli parE conferring resistance to fluoroquinolones,0
SXD,Escherichia coli soxR with mutation conferring antibiotic resistance,0.004062642857142857
SXD,Escherichia coli soxS with mutation conferring antibiotic resistance,0.2186642142857143
SXD,EstT,2.8024292857142856
SXD,FosA2,0
SXD,FosA3,0
SXD,FosA7.5,0
SXD,FosA8,0.008403785714285714
SXD,FosB3,0.19149735714285712
SXD,FosBx1,0.0015635714285714285
SXD,FosD,0
SXD,FosG,0
SXD,FosI,0.15709935714285714
SXD,FosK,0
SXD,FosXCC,1.4631502857142857
SXD,FusF,0
SXD,H-NS,0.15086842857142857
SXD,Haemophilus influenzae PBP3 conferring resistance to beta-lactam antibiotics,0.07281328571428572
SXD,HelR,0
SXD,Helicobacter pylori rpoB mutation conferring resistance to rifampicin,0.03944507142857143
SXD,ICR-Mo,0
SXD,Klebsiella pneumoniae KpnE,0.15239707142857142
SXD,Klebsiella pneumoniae KpnF,0.15299414285714286
SXD,Klebsiella pneumoniae KpnG,0
SXD,Klebsiella pneumoniae KpnH,0.10432564285714287
SXD,Klebsiella pneumoniae OmpK37,0
SXD,Limosilactobacillus reuteri cat-TC,0
SXD,LlmA 23S ribosomal RNA methyltransferase,0
SXD,LnuH,0
SXD,LnuP,0.021671785714285713
SXD,LptD,0
SXD,MCR-1.1,0
SXD,Mef(En2),9.805694571428571
SXD,Morganella morganii gyrB conferring resistance to fluoroquinolones,0
SXD,Mrx,9.669285714285715e-4
SXD,Mycobacterium tuberculosis folC with mutation conferring resistance to para-aminosalicylic acid,0
SXD,Mycobacterium tuberculosis intrinsic murA conferring resistance to fosfomycin,0
SXD,Mycobacterium tuberculosis rpsL mutations conferring resistance to Streptomycin,0
SXD,NDM-5,0
SXD,Neisseria gonorrhoeae gyrA conferring resistance to fluoroquinolones,0
SXD,OXA-1,0
SXD,OXA-10,0.02262371428571429
SXD,OXA-136,0.3313238571428571
SXD,OXA-140,0
SXD,OXA-184,0
SXD,OXA-193,0
SXD,OXA-21,0
SXD,OXA-334,0
SXD,OXA-347,0.0020015000000000002
SXD,OXA-58,0
SXD,OXA-820,0
SXD,OXA-912,0
SXD,OmpA,0
SXD,PC1 beta-lactamase (blaZ),0
SXD,PmrF,0.0448895
SXD,QnrA3,0
SXD,QnrB6,0
SXD,QnrD1,0
SXD,QnrS1,0.0900702142857143
SXD,QnrVC5,0
SXD,RCP-1,0
SXD,RanA,0
SXD,RanB,0
SXD,RbpA,0
SXD,Rhodobacter sphaeroides ampC beta-lactamase,0
SXD,SAT-2,0
SXD,SAT-4,2.6263449285714286
SXD,SHV-11,0
SXD,Sed-1,0
SXD,Staphylococcus intermedius chloramphenicol acetyltransferase,7.947857142857142e-4
SXD,Streptococcus suis chloramphenicol acetyltransferase,0.04867792857142857
SXD,Streptomyces rimosus otr(A),6.565e-4
SXD,Streptomyces venezuelae rox,0
SXD,TEM-1,0.0767137857142857
SXD,TRU-1,0
SXD,TolC,0.047118928571428575
SXD,VEB-17,0
SXD,Vibrio anguillarum chloramphenicol acetyltransferase,0.9180607857142857
SXD,Vibrio cholerae varG,0
SXD,YojI,0.006671071428571429
SXD,aad(6),0.32273785714285713
SXD,aadA11,0
SXD,aadA15,7.519285714285715e-4
SXD,aadA16,0
SXD,aadA17,0
SXD,aadA2,0
SXD,aadA27,0
SXD,aadA5,0.01142807142857143
SXD,aadA7,0
SXD,aadA9,0
SXD,aadK,0
SXD,aadS,0.07603878571428571
SXD,abeS,0
SXD,acrB,0.061902785714285716
SXD,acrD,0.04467207142857142
SXD,adeF,4.6513295
SXD,adeL,0
SXD,almE,0
SXD,almF,0
SXD,almG,0
SXD,aphA15,0
SXD,apmA,0
SXD,armA,0
SXD,arr-2,0.026362214285714284
SXD,arr-3,0.006578071428571429
SXD,arr-8,0
SXD,bacA,0
SXD,baeR,0.06092921428571428
SXD,baeS,0.007743428571428571
SXD,catA4,0
SXD,catA8,0.009652928571428571
SXD,catB11,0
SXD,catB2,0
SXD,catB3,0.0011906428571428571
SXD,catB8,0
SXD,catII from Escherichia coli K-12,7.805714285714285e-4
SXD,catIII,0
SXD,catP,1.2202755
SXD,catQ,0
SXD,catS,0.02636564285714286
SXD,cepA,0
SXD,cfr(D),0
SXD,cfrA,0.1603592857142857
SXD,cfrC,0
SXD,cfrE,6.678815357142858
SXD,clbC,0
SXD,clcD,8.56e-4
SXD,cmeR,0
SXD,cmlA5,0
SXD,cphA3,0
SXD,cpxA,0.06899592857142857
SXD,dfrA1,0.0026075
SXD,dfrA10,0
SXD,dfrA12,0.01107292857142857
SXD,dfrA14,0.01995807142857143
SXD,dfrA15,0
SXD,dfrA16,0
SXD,dfrA17,0.014038
SXD,dfrA19,0
SXD,dfrA20,0
SXD,dfrA27,8.225714285714286e-4
SXD,dfrA6 from Proteus mirabilis,0
SXD,dfrD,0
SXD,dfrE,0
SXD,dfrF,0.011492285714285714
SXD,dfrG,0
SXD,dfrL,0
SXD,efmA,0
SXD,efrA,0
SXD,emrA,0.051545071428571426
SXD,emrK,0.010136928571428571
SXD,emrR,0.1874950714285714
SXD,emrY,0.04125078571428571
SXD,emtA,0
SXD,eptA,0.07641385714285714
SXD,eptB,0
SXD,erm(45),0
SXD,evgA,0.08714428571428572
SXD,evgS,0.0670815
SXD,fexA,2.7320555714285715
SXD,fexB,0.02147642857142857
SXD,fosA5,0
SXD,fusC,0
SXD,fusD,0
SXD,gadX,0.18848928571428572
SXD,golS,0
SXD,kdpE,0.005992714285714286
SXD,leuO,0.031827857142857144
SXD,linG,5.443571428571429e-4
SXD,lnuA,0.0012166428571428571
SXD,lnuB,0.11293342857142857
SXD,lnuC,24.545002
SXD,lnuD,0
SXD,lnuE,0
SXD,lnuF,0
SXD,lnuG,4.037857142857143e-4
SXD,lsaE,2.1978571428571427e-4
SXD,marA,0.12373785714285715
SXD,mdeA,3.267142857142857e-4
SXD,mdtA,0.03309564285714286
SXD,mdtB,0.02400357142857143
SXD,mdtC,0
SXD,mdtE,0.04271978571428572
SXD,mdtF,0.0913802857142857
SXD,mdtG,0.025773357142857143
SXD,mdtH,0.015423285714285714
SXD,mdtM,0.03336557142857143
SXD,mdtN,0.10408049999999999
SXD,mdtO,0.02529592857142857
SXD,mdtP,0.05878342857142857
SXD,mecA,0
SXD,mecB,0
SXD,mecI,0
SXD,mecR1,0
SXD,mefF,0
SXD,mefH,0.37025821428571426
SXD,mphA,0
SXD,mphC,0
SXD,mphE,0
SXD,mphF,0
SXD,mphG,0
SXD,mphK,0
SXD,mphO,0
SXD,msbA,0.055912857142857146
SXD,msr(G),0
SXD,msr(I),0
SXD,msrA,0
SXD,nimA,2.632990285714286
SXD,nimB,0.10213192857142857
SXD,nimC,0
SXD,nimD,0.0036332142857142856
SXD,nimE,0.2012065
SXD,nimF,0.3050842857142857
SXD,nimG,3.1380205714285716
SXD,nimH,0.014089571428571429
SXD,nimI,0.119522
SXD,nimJ,1.3866328571428572
SXD,nimK,0.32080185714285714
SXD,norC,0
SXD,npmA,0.31566607142857145
SXD,oqxA,0
SXD,patB,0
SXD,poxtA,9.844926000000001
SXD,qacEdelta1,0.005129571428571429
SXD,qacG,0.16410492857142858
SXD,qacJ,2.9918190714285715
SXD,qacL,0.015116571428571429
SXD,ramA,0
SXD,rgt1438,0
SXD,rmtB,0
SXD,rsmA,0
SXD,salC,8.507142857142857e-4
SXD,salD,2.6107142857142854e-4
SXD,salE,5.942857142857143e-4
SXD,sdiA,0
SXD,sdrM,0.001088642857142857
SXD,sepA,0.0051905
SXD,spd,0
SXD,sul1,0.008038857142857143
SXD,sul2,0.12686714285714285
SXD,sul3,0.010547357142857141
SXD,sul4,0
SXD,tet(32),4.462285285714286
SXD,tet(33),0
SXD,tet(36),0
SXD,tet(40),1.3771182142857143
SXD,tet(44),5.2007644285714285
SXD,tet(45),0.7435843571428571
SXD,tet(59),0
SXD,tet(A),1.5092672857142857
SXD,tet(B),0.006512071428571429
SXD,tet(C),0
SXD,tet(D),0
SXD,tet(K),2.1978571428571427e-4
SXD,tet(M),0.9042347142857143
SXD,tet(O),5.735587142857143
SXD,tet(O/32/O),0.5101497142857143
SXD,tet(O/W/32/O),0.16416407142857142
SXD,tet(Q),82.80677914285714
SXD,tet(R),0.0024231428571428572
SXD,tet(S),0.0095465
SXD,tet(T),0
SXD,tet(W),60.699798214285714
SXD,tet(W/N/W),1.9340692857142856
SXD,tet(X),4.7621207142857145
SXD,tet(X1),0
SXD,tet(X3),0
SXD,tet(X5),0
SXD,tet(Z),0
SXD,tetB(P),0.09042107142857142
SXD,tmrB,0
SXD,ugd,0.009363071428571429
SXD,vanB,0
SXD,vanC,0
SXD,vanE,0
SXD,vanF,0.009517785714285715
SXD,vanG,9.707299928571429
SXD,vanHA,0.06808871428571428
SXD,vanHB,0.09860971428571429
SXD,vanHD,0.29838892857142857
SXD,vanHF,0.24712800000000001
SXD,vanHM,0.0060595
SXD,vanHO,3.8178115714285714
SXD,vanHP,0.012338428571428571
SXD,vanI,0
SXD,vanRB,0
SXD,vanRC,0
SXD,vanRG,0.0056322142857142855
SXD,vanRI,0
SXD,vanSB,0
SXD,vanTC,0
SXD,vanTE,0.057755428571428576
SXD,vanTG,7.907485642857143
SXD,vanTN,0.013513428571428572
SXD,vanTmL,0.0016762857142857141
SXD,vanTrL,0.05094928571428571
SXD,vanUG,0.10612378571428571
SXD,vanWB,3.5619770714285712
SXD,vanWG,2.696307357142857
SXD,vanWI,8.265627928571428
SXD,vanXA,0
SXD,vanXB,8.662857142857143e-4
SXD,vanXF,0.08787078571428572
SXD,vanXI,0.0016084285714285714
SXD,vanXO,0
SXD,vanXP,0.010139857142857143
SXD,vanXYC,0
SXD,vanXYE,0
SXD,vanXYG,7.766760285714286
SXD,vanXYN,0.027860714285714284
SXD,vanYA,3.3071903571428574
SXD,vanYB,27.178442642857142
SXD,vanYF,4.374471285714286
SXD,vanYG,12.689554785714286
SXD,vanYM,6.182940357142857
SXD,vatE,0
SXD,ykkC,0
SXD,ykkD,0
